date,state,parlimen,dun,gini
2019-01-01,Perlis,P.001 Padang Besar,N.01 Titi Tinggi,0.305
2022-01-01,Perlis,P.001 Padang Besar,N.01 Titi Tinggi,0.285
2024-01-01,Perlis,P.001 Padang Besar,N.01 Titi Tinggi,0.286
2019-01-01,Perlis,P.001 Padang Besar,N.02 Beseri,0.325
2022-01-01,Perlis,P.001 Padang Besar,N.02 Beseri,0.306
2024-01-01,Perlis,P.001 Padang Besar,N.02 Beseri,0.239
2019-01-01,Perlis,P.001 Padang Besar,N.03 Chuping,0.292
2022-01-01,Perlis,P.001 Padang Besar,N.03 Chuping,0.288
2024-01-01,Perlis,P.001 Padang Besar,N.03 Chuping,0.292
2019-01-01,Perlis,P.001 Padang Besar,N.04 Mata Ayer,0.27
2022-01-01,Perlis,P.001 Padang Besar,N.04 Mata Ayer,0.287
2024-01-01,Perlis,P.001 Padang Besar,N.04 Mata Ayer,0.399
2019-01-01,Perlis,P.001 Padang Besar,N.05 Santan,0.338
2022-01-01,Perlis,P.001 Padang Besar,N.05 Santan,0.316
2024-01-01,Perlis,P.001 Padang Besar,N.05 Santan,0.417
2019-01-01,Perlis,P.002 Kangar,N.06 Bintong,0.344
2022-01-01,Perlis,P.002 Kangar,N.06 Bintong,0.337
2024-01-01,Perlis,P.002 Kangar,N.06 Bintong,0.287
2019-01-01,Perlis,P.002 Kangar,N.07 Sena,0.413
2022-01-01,Perlis,P.002 Kangar,N.07 Sena,0.357
2024-01-01,Perlis,P.002 Kangar,N.07 Sena,0.351
2019-01-01,Perlis,P.002 Kangar,N.08 Indera Kayangan,0.334
2022-01-01,Perlis,P.002 Kangar,N.08 Indera Kayangan,0.392
2024-01-01,Perlis,P.002 Kangar,N.08 Indera Kayangan,0.35
2019-01-01,Perlis,P.002 Kangar,N.09 Kuala Perlis,0.33
2022-01-01,Perlis,P.002 Kangar,N.09 Kuala Perlis,0.287
2024-01-01,Perlis,P.002 Kangar,N.09 Kuala Perlis,0.319
2019-01-01,Perlis,P.002 Kangar,N.10 Kayang,0.244
2022-01-01,Perlis,P.002 Kangar,N.10 Kayang,0.311
2024-01-01,Perlis,P.002 Kangar,N.10 Kayang,0.28
2019-01-01,Perlis,P.003 Arau,N.11 Pauh,0.325
2022-01-01,Perlis,P.003 Arau,N.11 Pauh,0.383
2024-01-01,Perlis,P.003 Arau,N.11 Pauh,0.341
2019-01-01,Perlis,P.003 Arau,N.12 Tambun Tulang,0.287
2022-01-01,Perlis,P.003 Arau,N.12 Tambun Tulang,0.32
2024-01-01,Perlis,P.003 Arau,N.12 Tambun Tulang,0.291
2019-01-01,Perlis,P.003 Arau,N.13 Guar Sanji,0.276
2022-01-01,Perlis,P.003 Arau,N.13 Guar Sanji,0.281
2024-01-01,Perlis,P.003 Arau,N.13 Guar Sanji,0.299
2019-01-01,Perlis,P.003 Arau,N.14 Simpang Empat,0.331
2022-01-01,Perlis,P.003 Arau,N.14 Simpang Empat,0.291
2024-01-01,Perlis,P.003 Arau,N.14 Simpang Empat,0.346
2019-01-01,Perlis,P.003 Arau,N.15 Sanglang,0.318
2022-01-01,Perlis,P.003 Arau,N.15 Sanglang,0.325
2024-01-01,Perlis,P.003 Arau,N.15 Sanglang,0.292
2019-01-01,Kedah,P.004 Langkawi,N.01 Ayer Hangat,0.249
2022-01-01,Kedah,P.004 Langkawi,N.01 Ayer Hangat,0.293
2024-01-01,Kedah,P.004 Langkawi,N.01 Ayer Hangat,0.34
2019-01-01,Kedah,P.004 Langkawi,N.02 Kuah,0.289
2022-01-01,Kedah,P.004 Langkawi,N.02 Kuah,0.306
2024-01-01,Kedah,P.004 Langkawi,N.02 Kuah,0.328
2019-01-01,Kedah,P.005 Jerlun,N.03 Kota Siputeh,0.315
2022-01-01,Kedah,P.005 Jerlun,N.03 Kota Siputeh,0.305
2024-01-01,Kedah,P.005 Jerlun,N.03 Kota Siputeh,0.307
2019-01-01,Kedah,P.005 Jerlun,N.04 Ayer Hitam,0.269
2022-01-01,Kedah,P.005 Jerlun,N.04 Ayer Hitam,0.294
2024-01-01,Kedah,P.005 Jerlun,N.04 Ayer Hitam,0.288
2019-01-01,Kedah,P.006 Kubang Pasu,N.05 Bukit Kayu Hitam,0.346
2022-01-01,Kedah,P.006 Kubang Pasu,N.05 Bukit Kayu Hitam,0.296
2024-01-01,Kedah,P.006 Kubang Pasu,N.05 Bukit Kayu Hitam,0.345
2019-01-01,Kedah,P.006 Kubang Pasu,N.06 Jitra,0.376
2022-01-01,Kedah,P.006 Kubang Pasu,N.06 Jitra,0.33
2024-01-01,Kedah,P.006 Kubang Pasu,N.06 Jitra,0.3
2019-01-01,Kedah,P.007 Padang Terap,N.07 Kuala Nerang,0.33
2022-01-01,Kedah,P.007 Padang Terap,N.07 Kuala Nerang,0.339
2024-01-01,Kedah,P.007 Padang Terap,N.07 Kuala Nerang,0.307
2019-01-01,Kedah,P.007 Padang Terap,N.08 Pedu,0.266
2022-01-01,Kedah,P.007 Padang Terap,N.08 Pedu,0.281
2024-01-01,Kedah,P.007 Padang Terap,N.08 Pedu,0.261
2019-01-01,Kedah,P.008 Pokok Sena,N.09 Bukit Lada,0.306
2022-01-01,Kedah,P.008 Pokok Sena,N.09 Bukit Lada,0.298
2024-01-01,Kedah,P.008 Pokok Sena,N.09 Bukit Lada,0.264
2019-01-01,Kedah,P.008 Pokok Sena,N.10 Bukit Pinang,0.311
2022-01-01,Kedah,P.008 Pokok Sena,N.10 Bukit Pinang,0.337
2024-01-01,Kedah,P.008 Pokok Sena,N.10 Bukit Pinang,0.381
2019-01-01,Kedah,P.008 Pokok Sena,N.11 Derga,0.366
2022-01-01,Kedah,P.008 Pokok Sena,N.11 Derga,0.371
2024-01-01,Kedah,P.008 Pokok Sena,N.11 Derga,0.313
2019-01-01,Kedah,P.009 Alor Setar,N.12 Suka Menanti,0.311
2022-01-01,Kedah,P.009 Alor Setar,N.12 Suka Menanti,0.346
2024-01-01,Kedah,P.009 Alor Setar,N.12 Suka Menanti,0.319
2019-01-01,Kedah,P.009 Alor Setar,N.13 Kota Darul Aman,0.252
2022-01-01,Kedah,P.009 Alor Setar,N.13 Kota Darul Aman,0.502
2024-01-01,Kedah,P.009 Alor Setar,N.13 Kota Darul Aman,0.298
2019-01-01,Kedah,P.009 Alor Setar,N.14 Alor Mengkudu,0.313
2022-01-01,Kedah,P.009 Alor Setar,N.14 Alor Mengkudu,0.278
2024-01-01,Kedah,P.009 Alor Setar,N.14 Alor Mengkudu,0.329
2019-01-01,Kedah,P.010 Kuala Kedah,N.15 Anak Bukit,0.399
2022-01-01,Kedah,P.010 Kuala Kedah,N.15 Anak Bukit,0.385
2024-01-01,Kedah,P.010 Kuala Kedah,N.15 Anak Bukit,0.307
2019-01-01,Kedah,P.010 Kuala Kedah,N.16 Kubang Rotan,0.361
2022-01-01,Kedah,P.010 Kuala Kedah,N.16 Kubang Rotan,0.327
2024-01-01,Kedah,P.010 Kuala Kedah,N.16 Kubang Rotan,0.286
2019-01-01,Kedah,P.010 Kuala Kedah,N.17 Pengkalan Kundor,0.372
2022-01-01,Kedah,P.010 Kuala Kedah,N.17 Pengkalan Kundor,0.314
2024-01-01,Kedah,P.010 Kuala Kedah,N.17 Pengkalan Kundor,0.328
2019-01-01,Kedah,P.011 Pendang,N.18 Tokai,0.309
2022-01-01,Kedah,P.011 Pendang,N.18 Tokai,0.389
2024-01-01,Kedah,P.011 Pendang,N.18 Tokai,0.349
2019-01-01,Kedah,P.011 Pendang,N.19 Sungai Tiang,0.298
2022-01-01,Kedah,P.011 Pendang,N.19 Sungai Tiang,0.297
2024-01-01,Kedah,P.011 Pendang,N.19 Sungai Tiang,0.334
2019-01-01,Kedah,P.012 Jerai,N.20 Sungai Limau,0.306
2022-01-01,Kedah,P.012 Jerai,N.20 Sungai Limau,0.286
2024-01-01,Kedah,P.012 Jerai,N.20 Sungai Limau,0.239
2019-01-01,Kedah,P.012 Jerai,N.21 Guar Chempedak,0.4
2022-01-01,Kedah,P.012 Jerai,N.21 Guar Chempedak,0.291
2024-01-01,Kedah,P.012 Jerai,N.21 Guar Chempedak,0.327
2019-01-01,Kedah,P.012 Jerai,N.22 Gurun,0.393
2022-01-01,Kedah,P.012 Jerai,N.22 Gurun,0.352
2024-01-01,Kedah,P.012 Jerai,N.22 Gurun,0.372
2019-01-01,Kedah,P.013 Sik,N.23 Belantek,0.329
2022-01-01,Kedah,P.013 Sik,N.23 Belantek,0.308
2024-01-01,Kedah,P.013 Sik,N.23 Belantek,0.284
2019-01-01,Kedah,P.013 Sik,N.24 Jeneri,0.308
2022-01-01,Kedah,P.013 Sik,N.24 Jeneri,0.342
2024-01-01,Kedah,P.013 Sik,N.24 Jeneri,0.352
2019-01-01,Kedah,P.014 Merbok,N.25 Bukit Selambau,0.403
2022-01-01,Kedah,P.014 Merbok,N.25 Bukit Selambau,0.472
2024-01-01,Kedah,P.014 Merbok,N.25 Bukit Selambau,0.365
2019-01-01,Kedah,P.014 Merbok,N.26 Tanjong Dawai,0.333
2022-01-01,Kedah,P.014 Merbok,N.26 Tanjong Dawai,0.328
2024-01-01,Kedah,P.014 Merbok,N.26 Tanjong Dawai,0.306
2019-01-01,Kedah,P.015 Sungai Petani,N.27 Pantai Merdeka,0.32
2022-01-01,Kedah,P.015 Sungai Petani,N.27 Pantai Merdeka,0.279
2024-01-01,Kedah,P.015 Sungai Petani,N.27 Pantai Merdeka,0.271
2019-01-01,Kedah,P.015 Sungai Petani,N.28 Bakar Arang,0.374
2022-01-01,Kedah,P.015 Sungai Petani,N.28 Bakar Arang,0.315
2024-01-01,Kedah,P.015 Sungai Petani,N.28 Bakar Arang,0.285
2019-01-01,Kedah,P.015 Sungai Petani,N.29 Sidam,0.356
2022-01-01,Kedah,P.015 Sungai Petani,N.29 Sidam,0.386
2024-01-01,Kedah,P.015 Sungai Petani,N.29 Sidam,0.313
2019-01-01,Kedah,P.016 Baling,N.30 Bayu,0.365
2022-01-01,Kedah,P.016 Baling,N.30 Bayu,0.33
2024-01-01,Kedah,P.016 Baling,N.30 Bayu,0.33
2019-01-01,Kedah,P.016 Baling,N.31 Kupang,0.306
2022-01-01,Kedah,P.016 Baling,N.31 Kupang,0.35
2024-01-01,Kedah,P.016 Baling,N.31 Kupang,0.304
2019-01-01,Kedah,P.016 Baling,N.32 Kuala Ketil,0.341
2022-01-01,Kedah,P.016 Baling,N.32 Kuala Ketil,0.353
2024-01-01,Kedah,P.016 Baling,N.32 Kuala Ketil,0.334
2019-01-01,Kedah,P.017 Padang Serai,N.33 Merbau Pulas,0.316
2022-01-01,Kedah,P.017 Padang Serai,N.33 Merbau Pulas,0.376
2024-01-01,Kedah,P.017 Padang Serai,N.33 Merbau Pulas,0.344
2019-01-01,Kedah,P.017 Padang Serai,N.34 Lunas,0.324
2022-01-01,Kedah,P.017 Padang Serai,N.34 Lunas,0.346
2024-01-01,Kedah,P.017 Padang Serai,N.34 Lunas,0.341
2019-01-01,Kedah,P.018 Kulim-Bandar Baharu,N.35 Kulim,0.356
2022-01-01,Kedah,P.018 Kulim-Bandar Baharu,N.35 Kulim,0.353
2024-01-01,Kedah,P.018 Kulim-Bandar Baharu,N.35 Kulim,0.35
2019-01-01,Kedah,P.018 Kulim-Bandar Baharu,N.36 Bandar Baharu,0.324
2022-01-01,Kedah,P.018 Kulim-Bandar Baharu,N.36 Bandar Baharu,0.291
2024-01-01,Kedah,P.018 Kulim-Bandar Baharu,N.36 Bandar Baharu,0.339
2019-01-01,Kelantan,P.019 Tumpat,N.01 Pengkalan Kubor,0.286
2022-01-01,Kelantan,P.019 Tumpat,N.01 Pengkalan Kubor,0.343
2024-01-01,Kelantan,P.019 Tumpat,N.01 Pengkalan Kubor,0.356
2019-01-01,Kelantan,P.019 Tumpat,N.02 Kelaboran,0.316
2022-01-01,Kelantan,P.019 Tumpat,N.02 Kelaboran,0.394
2024-01-01,Kelantan,P.019 Tumpat,N.02 Kelaboran,0.327
2019-01-01,Kelantan,P.019 Tumpat,N.03 Pasir Pekan,0.372
2022-01-01,Kelantan,P.019 Tumpat,N.03 Pasir Pekan,0.313
2024-01-01,Kelantan,P.019 Tumpat,N.03 Pasir Pekan,0.328
2019-01-01,Kelantan,P.019 Tumpat,N.04 Wakaf Bharu,0.414
2022-01-01,Kelantan,P.019 Tumpat,N.04 Wakaf Bharu,0.381
2024-01-01,Kelantan,P.019 Tumpat,N.04 Wakaf Bharu,0.287
2019-01-01,Kelantan,P.020 Pengkalan Chepa,N.05 Kijang,0.325
2022-01-01,Kelantan,P.020 Pengkalan Chepa,N.05 Kijang,0.401
2024-01-01,Kelantan,P.020 Pengkalan Chepa,N.05 Kijang,0.292
2019-01-01,Kelantan,P.020 Pengkalan Chepa,N.06 Chempaka,0.352
2022-01-01,Kelantan,P.020 Pengkalan Chepa,N.06 Chempaka,0.386
2024-01-01,Kelantan,P.020 Pengkalan Chepa,N.06 Chempaka,0.339
2019-01-01,Kelantan,P.020 Pengkalan Chepa,N.07 Panchor,0.341
2022-01-01,Kelantan,P.020 Pengkalan Chepa,N.07 Panchor,0.347
2024-01-01,Kelantan,P.020 Pengkalan Chepa,N.07 Panchor,0.347
2019-01-01,Kelantan,P.021 Kota Bharu,N.08 Tanjong Mas,0.337
2022-01-01,Kelantan,P.021 Kota Bharu,N.08 Tanjong Mas,0.338
2024-01-01,Kelantan,P.021 Kota Bharu,N.08 Tanjong Mas,0.365
2019-01-01,Kelantan,P.021 Kota Bharu,N.09 Kota Lama,0.403
2022-01-01,Kelantan,P.021 Kota Bharu,N.09 Kota Lama,0.342
2024-01-01,Kelantan,P.021 Kota Bharu,N.09 Kota Lama,0.333
2019-01-01,Kelantan,P.021 Kota Bharu,N.10 Bunut Payong,0.314
2022-01-01,Kelantan,P.021 Kota Bharu,N.10 Bunut Payong,0.383
2024-01-01,Kelantan,P.021 Kota Bharu,N.10 Bunut Payong,0.356
2019-01-01,Kelantan,P.022 Pasir Mas,N.11 Tendong,0.372
2022-01-01,Kelantan,P.022 Pasir Mas,N.11 Tendong,0.374
2024-01-01,Kelantan,P.022 Pasir Mas,N.11 Tendong,0.377
2019-01-01,Kelantan,P.022 Pasir Mas,N.12 Pengkalan Pasir,0.417
2022-01-01,Kelantan,P.022 Pasir Mas,N.12 Pengkalan Pasir,0.406
2024-01-01,Kelantan,P.022 Pasir Mas,N.12 Pengkalan Pasir,0.345
2019-01-01,Kelantan,P.022 Pasir Mas,N.13 Meranti,0.391
2022-01-01,Kelantan,P.022 Pasir Mas,N.13 Meranti,0.336
2024-01-01,Kelantan,P.022 Pasir Mas,N.13 Meranti,0.411
2019-01-01,Kelantan,P.023 Rantau Panjang,N.14 Chetok,0.338
2022-01-01,Kelantan,P.023 Rantau Panjang,N.14 Chetok,0.366
2024-01-01,Kelantan,P.023 Rantau Panjang,N.14 Chetok,0.303
2019-01-01,Kelantan,P.023 Rantau Panjang,N.15 Gual Periok,0.295
2022-01-01,Kelantan,P.023 Rantau Panjang,N.15 Gual Periok,0.295
2024-01-01,Kelantan,P.023 Rantau Panjang,N.15 Gual Periok,0.29
2019-01-01,Kelantan,P.023 Rantau Panjang,N.16 Apam Putra,0.338
2022-01-01,Kelantan,P.023 Rantau Panjang,N.16 Apam Putra,0.391
2024-01-01,Kelantan,P.023 Rantau Panjang,N.16 Apam Putra,0.353
2019-01-01,Kelantan,P.024 Kubang Kerian,N.17 Salor,0.373
2022-01-01,Kelantan,P.024 Kubang Kerian,N.17 Salor,0.423
2024-01-01,Kelantan,P.024 Kubang Kerian,N.17 Salor,0.394
2019-01-01,Kelantan,P.024 Kubang Kerian,N.18 Pasir Tumboh,0.451
2022-01-01,Kelantan,P.024 Kubang Kerian,N.18 Pasir Tumboh,0.36
2024-01-01,Kelantan,P.024 Kubang Kerian,N.18 Pasir Tumboh,0.395
2019-01-01,Kelantan,P.024 Kubang Kerian,N.19 Demit,0.424
2022-01-01,Kelantan,P.024 Kubang Kerian,N.19 Demit,0.435
2024-01-01,Kelantan,P.024 Kubang Kerian,N.19 Demit,0.366
2019-01-01,Kelantan,P.025 Bachok,N.20 Tawang,0.344
2022-01-01,Kelantan,P.025 Bachok,N.20 Tawang,0.37
2024-01-01,Kelantan,P.025 Bachok,N.20 Tawang,0.32
2019-01-01,Kelantan,P.025 Bachok,N.21 Pantai Irama,0.371
2022-01-01,Kelantan,P.025 Bachok,N.21 Pantai Irama,0.4
2024-01-01,Kelantan,P.025 Bachok,N.21 Pantai Irama,0.338
2019-01-01,Kelantan,P.025 Bachok,N.22 Jelawat,0.358
2022-01-01,Kelantan,P.025 Bachok,N.22 Jelawat,0.321
2024-01-01,Kelantan,P.025 Bachok,N.22 Jelawat,0.376
2019-01-01,Kelantan,P.026 Ketereh,N.23 Melor,0.394
2022-01-01,Kelantan,P.026 Ketereh,N.23 Melor,0.412
2024-01-01,Kelantan,P.026 Ketereh,N.23 Melor,0.345
2019-01-01,Kelantan,P.026 Ketereh,N.24 Kadok,0.413
2022-01-01,Kelantan,P.026 Ketereh,N.24 Kadok,0.389
2024-01-01,Kelantan,P.026 Ketereh,N.24 Kadok,0.377
2019-01-01,Kelantan,P.026 Ketereh,N.25 Kok Lanas,0.383
2022-01-01,Kelantan,P.026 Ketereh,N.25 Kok Lanas,0.342
2024-01-01,Kelantan,P.026 Ketereh,N.25 Kok Lanas,0.309
2019-01-01,Kelantan,P.027 Tanah Merah,N.26 Bukit Panau,0.339
2022-01-01,Kelantan,P.027 Tanah Merah,N.26 Bukit Panau,0.379
2024-01-01,Kelantan,P.027 Tanah Merah,N.26 Bukit Panau,0.387
2019-01-01,Kelantan,P.027 Tanah Merah,N.27 Gual Ipoh,0.234
2022-01-01,Kelantan,P.027 Tanah Merah,N.27 Gual Ipoh,0.273
2024-01-01,Kelantan,P.027 Tanah Merah,N.27 Gual Ipoh,0.279
2019-01-01,Kelantan,P.027 Tanah Merah,N.28 Kemahang,0.274
2022-01-01,Kelantan,P.027 Tanah Merah,N.28 Kemahang,0.338
2024-01-01,Kelantan,P.027 Tanah Merah,N.28 Kemahang,0.272
2019-01-01,Kelantan,P.028 Pasir Puteh,N.29 Selising,0.362
2022-01-01,Kelantan,P.028 Pasir Puteh,N.29 Selising,0.337
2024-01-01,Kelantan,P.028 Pasir Puteh,N.29 Selising,0.264
2019-01-01,Kelantan,P.028 Pasir Puteh,N.30 Limbongan,0.408
2022-01-01,Kelantan,P.028 Pasir Puteh,N.30 Limbongan,0.384
2024-01-01,Kelantan,P.028 Pasir Puteh,N.30 Limbongan,0.288
2019-01-01,Kelantan,P.028 Pasir Puteh,N.31 Semerak,0.379
2022-01-01,Kelantan,P.028 Pasir Puteh,N.31 Semerak,0.296
2024-01-01,Kelantan,P.028 Pasir Puteh,N.31 Semerak,0.338
2019-01-01,Kelantan,P.028 Pasir Puteh,N.32 Gaal,0.324
2022-01-01,Kelantan,P.028 Pasir Puteh,N.32 Gaal,0.431
2024-01-01,Kelantan,P.028 Pasir Puteh,N.32 Gaal,0.316
2019-01-01,Kelantan,P.029 Machang,N.33 Pulai Chondong,0.324
2022-01-01,Kelantan,P.029 Machang,N.33 Pulai Chondong,0.372
2024-01-01,Kelantan,P.029 Machang,N.33 Pulai Chondong,0.282
2019-01-01,Kelantan,P.029 Machang,N.34 Temangan,0.3
2022-01-01,Kelantan,P.029 Machang,N.34 Temangan,0.413
2024-01-01,Kelantan,P.029 Machang,N.34 Temangan,0.362
2019-01-01,Kelantan,P.029 Machang,N.35 Kemuning,0.365
2022-01-01,Kelantan,P.029 Machang,N.35 Kemuning,0.416
2024-01-01,Kelantan,P.029 Machang,N.35 Kemuning,0.344
2019-01-01,Kelantan,P.030 Jeli,N.36 Bukit Bunga,0.365
2022-01-01,Kelantan,P.030 Jeli,N.36 Bukit Bunga,0.362
2024-01-01,Kelantan,P.030 Jeli,N.36 Bukit Bunga,0.324
2019-01-01,Kelantan,P.030 Jeli,N.37 Air Lanas,0.343
2022-01-01,Kelantan,P.030 Jeli,N.37 Air Lanas,0.407
2024-01-01,Kelantan,P.030 Jeli,N.37 Air Lanas,0.303
2019-01-01,Kelantan,P.030 Jeli,N.38 Kuala Balah,0.289
2022-01-01,Kelantan,P.030 Jeli,N.38 Kuala Balah,0.294
2024-01-01,Kelantan,P.030 Jeli,N.38 Kuala Balah,0.321
2019-01-01,Kelantan,P.031 Kuala Krai,N.39 Mengkebang,0.366
2022-01-01,Kelantan,P.031 Kuala Krai,N.39 Mengkebang,0.401
2024-01-01,Kelantan,P.031 Kuala Krai,N.39 Mengkebang,0.34
2019-01-01,Kelantan,P.031 Kuala Krai,N.40 Guchil,0.39
2022-01-01,Kelantan,P.031 Kuala Krai,N.40 Guchil,0.403
2024-01-01,Kelantan,P.031 Kuala Krai,N.40 Guchil,0.374
2019-01-01,Kelantan,P.031 Kuala Krai,N.41 Manek Urai,0.323
2022-01-01,Kelantan,P.031 Kuala Krai,N.41 Manek Urai,0.365
2024-01-01,Kelantan,P.031 Kuala Krai,N.41 Manek Urai,0.25
2019-01-01,Kelantan,P.031 Kuala Krai,N.42 Dabong,0.305
2022-01-01,Kelantan,P.031 Kuala Krai,N.42 Dabong,0.295
2024-01-01,Kelantan,P.031 Kuala Krai,N.42 Dabong,0.258
2019-01-01,Kelantan,P.032 Gua Musang,N.43 Nenggiri,0.251
2022-01-01,Kelantan,P.032 Gua Musang,N.43 Nenggiri,0.377
2024-01-01,Kelantan,P.032 Gua Musang,N.43 Nenggiri,0.239
2019-01-01,Kelantan,P.032 Gua Musang,N.44 Paloh,0.349
2022-01-01,Kelantan,P.032 Gua Musang,N.44 Paloh,0.321
2024-01-01,Kelantan,P.032 Gua Musang,N.44 Paloh,0.334
2019-01-01,Kelantan,P.032 Gua Musang,N.45 Galas,0.361
2022-01-01,Kelantan,P.032 Gua Musang,N.45 Galas,0.372
2024-01-01,Kelantan,P.032 Gua Musang,N.45 Galas,0.283
2019-01-01,Terengganu,P.033 Besut,N.01 Kuala Besut,0.351
2022-01-01,Terengganu,P.033 Besut,N.01 Kuala Besut,0.321
2024-01-01,Terengganu,P.033 Besut,N.01 Kuala Besut,0.323
2019-01-01,Terengganu,P.033 Besut,N.02 Kota Putera,0.354
2022-01-01,Terengganu,P.033 Besut,N.02 Kota Putera,0.347
2024-01-01,Terengganu,P.033 Besut,N.02 Kota Putera,0.338
2019-01-01,Terengganu,P.033 Besut,N.03 Jertih,0.34
2022-01-01,Terengganu,P.033 Besut,N.03 Jertih,0.311
2024-01-01,Terengganu,P.033 Besut,N.03 Jertih,0.264
2019-01-01,Terengganu,P.033 Besut,N.04 Hulu Besut,0.282
2022-01-01,Terengganu,P.033 Besut,N.04 Hulu Besut,0.285
2024-01-01,Terengganu,P.033 Besut,N.04 Hulu Besut,0.278
2019-01-01,Terengganu,P.034 Setiu,N.05 Jabi,0.253
2022-01-01,Terengganu,P.034 Setiu,N.05 Jabi,0.294
2024-01-01,Terengganu,P.034 Setiu,N.05 Jabi,0.233
2019-01-01,Terengganu,P.034 Setiu,N.06 Permaisuri,0.329
2022-01-01,Terengganu,P.034 Setiu,N.06 Permaisuri,0.291
2024-01-01,Terengganu,P.034 Setiu,N.06 Permaisuri,0.239
2019-01-01,Terengganu,P.034 Setiu,N.07 Langkap,0.325
2022-01-01,Terengganu,P.034 Setiu,N.07 Langkap,0.258
2024-01-01,Terengganu,P.034 Setiu,N.07 Langkap,0.169
2019-01-01,Terengganu,P.034 Setiu,N.08 Batu Rakit,0.373
2022-01-01,Terengganu,P.034 Setiu,N.08 Batu Rakit,0.265
2024-01-01,Terengganu,P.034 Setiu,N.08 Batu Rakit,0.282
2019-01-01,Terengganu,P.035 Kuala Nerus,N.09 Tepuh,0.295
2022-01-01,Terengganu,P.035 Kuala Nerus,N.09 Tepuh,0.259
2024-01-01,Terengganu,P.035 Kuala Nerus,N.09 Tepuh,0.271
2019-01-01,Terengganu,P.035 Kuala Nerus,N.10 Buluh Gading,0.329
2022-01-01,Terengganu,P.035 Kuala Nerus,N.10 Buluh Gading,0.278
2024-01-01,Terengganu,P.035 Kuala Nerus,N.10 Buluh Gading,0.229
2019-01-01,Terengganu,P.035 Kuala Nerus,N.11 Seberang Takir,0.277
2022-01-01,Terengganu,P.035 Kuala Nerus,N.11 Seberang Takir,0.299
2024-01-01,Terengganu,P.035 Kuala Nerus,N.11 Seberang Takir,0.292
2019-01-01,Terengganu,P.035 Kuala Nerus,N.12 Bukit Tunggal,0.29
2022-01-01,Terengganu,P.035 Kuala Nerus,N.12 Bukit Tunggal,0.246
2024-01-01,Terengganu,P.035 Kuala Nerus,N.12 Bukit Tunggal,0.22
2019-01-01,Terengganu,P.036 Kuala Terengganu,N.13 Wakaf Mempelam,0.26
2022-01-01,Terengganu,P.036 Kuala Terengganu,N.13 Wakaf Mempelam,0.335
2024-01-01,Terengganu,P.036 Kuala Terengganu,N.13 Wakaf Mempelam,0.279
2019-01-01,Terengganu,P.036 Kuala Terengganu,N.14 Bandar,0.254
2022-01-01,Terengganu,P.036 Kuala Terengganu,N.14 Bandar,0.239
2024-01-01,Terengganu,P.036 Kuala Terengganu,N.14 Bandar,0.237
2019-01-01,Terengganu,P.036 Kuala Terengganu,N.15 Ladang,0.299
2022-01-01,Terengganu,P.036 Kuala Terengganu,N.15 Ladang,0.342
2024-01-01,Terengganu,P.036 Kuala Terengganu,N.15 Ladang,0.284
2019-01-01,Terengganu,P.036 Kuala Terengganu,N.16 Batu Buruk,0.29
2022-01-01,Terengganu,P.036 Kuala Terengganu,N.16 Batu Buruk,0.303
2024-01-01,Terengganu,P.036 Kuala Terengganu,N.16 Batu Buruk,0.271
2019-01-01,Terengganu,P.037 Marang,N.17 Alur Limbat,0.357
2022-01-01,Terengganu,P.037 Marang,N.17 Alur Limbat,0.295
2024-01-01,Terengganu,P.037 Marang,N.17 Alur Limbat,0.247
2019-01-01,Terengganu,P.037 Marang,N.18 Bukit Payung,0.309
2022-01-01,Terengganu,P.037 Marang,N.18 Bukit Payung,0.325
2024-01-01,Terengganu,P.037 Marang,N.18 Bukit Payung,0.241
2019-01-01,Terengganu,P.037 Marang,N.19 Ru Rendang,0.289
2022-01-01,Terengganu,P.037 Marang,N.19 Ru Rendang,0.294
2024-01-01,Terengganu,P.037 Marang,N.19 Ru Rendang,0.33
2019-01-01,Terengganu,P.037 Marang,N.20 Pengkalan Berangan,0.28
2022-01-01,Terengganu,P.037 Marang,N.20 Pengkalan Berangan,0.318
2024-01-01,Terengganu,P.037 Marang,N.20 Pengkalan Berangan,0.255
2019-01-01,Terengganu,P.038 Hulu Terengganu,N.21 Telemung,0.262
2022-01-01,Terengganu,P.038 Hulu Terengganu,N.21 Telemung,0.297
2024-01-01,Terengganu,P.038 Hulu Terengganu,N.21 Telemung,0.247
2019-01-01,Terengganu,P.038 Hulu Terengganu,N.22 Manir,0.31
2022-01-01,Terengganu,P.038 Hulu Terengganu,N.22 Manir,0.297
2024-01-01,Terengganu,P.038 Hulu Terengganu,N.22 Manir,0.225
2019-01-01,Terengganu,P.038 Hulu Terengganu,N.23 Kuala Berang,0.408
2022-01-01,Terengganu,P.038 Hulu Terengganu,N.23 Kuala Berang,0.302
2024-01-01,Terengganu,P.038 Hulu Terengganu,N.23 Kuala Berang,0.232
2019-01-01,Terengganu,P.038 Hulu Terengganu,N.24 Ajil,0.273
2022-01-01,Terengganu,P.038 Hulu Terengganu,N.24 Ajil,0.262
2024-01-01,Terengganu,P.038 Hulu Terengganu,N.24 Ajil,0.188
2019-01-01,Terengganu,P.039 Dungun,N.25 Bukit Besi,0.239
2022-01-01,Terengganu,P.039 Dungun,N.25 Bukit Besi,0.193
2024-01-01,Terengganu,P.039 Dungun,N.25 Bukit Besi,0.229
2019-01-01,Terengganu,P.039 Dungun,N.26 Rantau Abang,0.36
2022-01-01,Terengganu,P.039 Dungun,N.26 Rantau Abang,0.365
2024-01-01,Terengganu,P.039 Dungun,N.26 Rantau Abang,0.341
2019-01-01,Terengganu,P.039 Dungun,N.27 Sura,0.327
2022-01-01,Terengganu,P.039 Dungun,N.27 Sura,0.339
2024-01-01,Terengganu,P.039 Dungun,N.27 Sura,0.268
2019-01-01,Terengganu,P.039 Dungun,N.28 Paka,0.327
2022-01-01,Terengganu,P.039 Dungun,N.28 Paka,0.277
2024-01-01,Terengganu,P.039 Dungun,N.28 Paka,0.303
2019-01-01,Terengganu,P.040 Kemaman,N.29 Kemasik,0.465
2022-01-01,Terengganu,P.040 Kemaman,N.29 Kemasik,0.459
2024-01-01,Terengganu,P.040 Kemaman,N.29 Kemasik,0.357
2019-01-01,Terengganu,P.040 Kemaman,N.30 Kijal,0.264
2022-01-01,Terengganu,P.040 Kemaman,N.30 Kijal,0.322
2024-01-01,Terengganu,P.040 Kemaman,N.30 Kijal,0.31
2019-01-01,Terengganu,P.040 Kemaman,N.31 Cukai,0.275
2022-01-01,Terengganu,P.040 Kemaman,N.31 Cukai,0.37
2024-01-01,Terengganu,P.040 Kemaman,N.31 Cukai,0.336
2019-01-01,Terengganu,P.040 Kemaman,N.32 Air Putih,0.307
2022-01-01,Terengganu,P.040 Kemaman,N.32 Air Putih,0.34
2024-01-01,Terengganu,P.040 Kemaman,N.32 Air Putih,0.264
2019-01-01,Pulau Pinang,P.041 Kepala Batas,N.01 Penaga,0.261
2022-01-01,Pulau Pinang,P.041 Kepala Batas,N.01 Penaga,0.304
2024-01-01,Pulau Pinang,P.041 Kepala Batas,N.01 Penaga,0.299
2019-01-01,Pulau Pinang,P.041 Kepala Batas,N.02 Bertam,0.314
2022-01-01,Pulau Pinang,P.041 Kepala Batas,N.02 Bertam,0.395
2024-01-01,Pulau Pinang,P.041 Kepala Batas,N.02 Bertam,0.303
2019-01-01,Pulau Pinang,P.041 Kepala Batas,N.03 Pinang Tunggal,0.351
2022-01-01,Pulau Pinang,P.041 Kepala Batas,N.03 Pinang Tunggal,0.334
2024-01-01,Pulau Pinang,P.041 Kepala Batas,N.03 Pinang Tunggal,0.309
2019-01-01,Pulau Pinang,P.042 Tasek Gelugor,N.04 Permatang Berangan,0.299
2022-01-01,Pulau Pinang,P.042 Tasek Gelugor,N.04 Permatang Berangan,0.302
2024-01-01,Pulau Pinang,P.042 Tasek Gelugor,N.04 Permatang Berangan,0.319
2019-01-01,Pulau Pinang,P.042 Tasek Gelugor,N.05 Sungai Dua,0.298
2022-01-01,Pulau Pinang,P.042 Tasek Gelugor,N.05 Sungai Dua,0.342
2024-01-01,Pulau Pinang,P.042 Tasek Gelugor,N.05 Sungai Dua,0.314
2019-01-01,Pulau Pinang,P.042 Tasek Gelugor,N.06 Telok Ayer Tawar,0.41
2022-01-01,Pulau Pinang,P.042 Tasek Gelugor,N.06 Telok Ayer Tawar,0.381
2024-01-01,Pulau Pinang,P.042 Tasek Gelugor,N.06 Telok Ayer Tawar,0.434
2019-01-01,Pulau Pinang,P.043 Bagan,N.07 Sungai Puyu,0.316
2022-01-01,Pulau Pinang,P.043 Bagan,N.07 Sungai Puyu,0.345
2024-01-01,Pulau Pinang,P.043 Bagan,N.07 Sungai Puyu,0.345
2019-01-01,Pulau Pinang,P.043 Bagan,N.08 Bagan Jermal,0.434
2022-01-01,Pulau Pinang,P.043 Bagan,N.08 Bagan Jermal,0.336
2024-01-01,Pulau Pinang,P.043 Bagan,N.08 Bagan Jermal,0.332
2019-01-01,Pulau Pinang,P.043 Bagan,N.09 Bagan Dalam,0.401
2022-01-01,Pulau Pinang,P.043 Bagan,N.09 Bagan Dalam,0.361
2024-01-01,Pulau Pinang,P.043 Bagan,N.09 Bagan Dalam,0.36
2019-01-01,Pulau Pinang,P.044 Permatang Pauh,N.10 Seberang Jaya,0.345
2022-01-01,Pulau Pinang,P.044 Permatang Pauh,N.10 Seberang Jaya,0.362
2024-01-01,Pulau Pinang,P.044 Permatang Pauh,N.10 Seberang Jaya,0.339
2019-01-01,Pulau Pinang,P.044 Permatang Pauh,N.11 Permatang Pasir,0.444
2022-01-01,Pulau Pinang,P.044 Permatang Pauh,N.11 Permatang Pasir,0.367
2024-01-01,Pulau Pinang,P.044 Permatang Pauh,N.11 Permatang Pasir,0.357
2019-01-01,Pulau Pinang,P.044 Permatang Pauh,N.12 Penanti,0.351
2022-01-01,Pulau Pinang,P.044 Permatang Pauh,N.12 Penanti,0.354
2024-01-01,Pulau Pinang,P.044 Permatang Pauh,N.12 Penanti,0.279
2019-01-01,Pulau Pinang,P.045 Bukit Mertajam,N.13 Berapit,0.402
2022-01-01,Pulau Pinang,P.045 Bukit Mertajam,N.13 Berapit,0.324
2024-01-01,Pulau Pinang,P.045 Bukit Mertajam,N.13 Berapit,0.342
2019-01-01,Pulau Pinang,P.045 Bukit Mertajam,N.14 Machang Bubuk,0.349
2022-01-01,Pulau Pinang,P.045 Bukit Mertajam,N.14 Machang Bubuk,0.384
2024-01-01,Pulau Pinang,P.045 Bukit Mertajam,N.14 Machang Bubuk,0.359
2019-01-01,Pulau Pinang,P.045 Bukit Mertajam,N.15 Padang Lalang,0.357
2022-01-01,Pulau Pinang,P.045 Bukit Mertajam,N.15 Padang Lalang,0.367
2024-01-01,Pulau Pinang,P.045 Bukit Mertajam,N.15 Padang Lalang,0.35
2019-01-01,Pulau Pinang,P.046 Batu Kawan,N.16 Perai,0.37
2022-01-01,Pulau Pinang,P.046 Batu Kawan,N.16 Perai,0.404
2024-01-01,Pulau Pinang,P.046 Batu Kawan,N.16 Perai,0.344
2019-01-01,Pulau Pinang,P.046 Batu Kawan,N.17 Bukit Tengah,0.353
2022-01-01,Pulau Pinang,P.046 Batu Kawan,N.17 Bukit Tengah,0.363
2024-01-01,Pulau Pinang,P.046 Batu Kawan,N.17 Bukit Tengah,0.312
2019-01-01,Pulau Pinang,P.046 Batu Kawan,N.18 Bukit Tambun,0.327
2022-01-01,Pulau Pinang,P.046 Batu Kawan,N.18 Bukit Tambun,0.374
2024-01-01,Pulau Pinang,P.046 Batu Kawan,N.18 Bukit Tambun,0.423
2019-01-01,Pulau Pinang,P.047 Nibong Tebal,N.19 Jawi,0.311
2022-01-01,Pulau Pinang,P.047 Nibong Tebal,N.19 Jawi,0.381
2024-01-01,Pulau Pinang,P.047 Nibong Tebal,N.19 Jawi,0.334
2019-01-01,Pulau Pinang,P.047 Nibong Tebal,N.20 Sungai Bakap,0.307
2022-01-01,Pulau Pinang,P.047 Nibong Tebal,N.20 Sungai Bakap,0.327
2024-01-01,Pulau Pinang,P.047 Nibong Tebal,N.20 Sungai Bakap,0.277
2019-01-01,Pulau Pinang,P.047 Nibong Tebal,N.21 Sungai Acheh,0.333
2022-01-01,Pulau Pinang,P.047 Nibong Tebal,N.21 Sungai Acheh,0.333
2024-01-01,Pulau Pinang,P.047 Nibong Tebal,N.21 Sungai Acheh,0.308
2019-01-01,Pulau Pinang,P.048 Bukit Bendera,N.22 Tanjong Bunga,0.332
2022-01-01,Pulau Pinang,P.048 Bukit Bendera,N.22 Tanjong Bunga,0.408
2024-01-01,Pulau Pinang,P.048 Bukit Bendera,N.22 Tanjong Bunga,0.377
2019-01-01,Pulau Pinang,P.048 Bukit Bendera,N.23 Air Putih,0.312
2022-01-01,Pulau Pinang,P.048 Bukit Bendera,N.23 Air Putih,0.319
2024-01-01,Pulau Pinang,P.048 Bukit Bendera,N.23 Air Putih,0.307
2019-01-01,Pulau Pinang,P.048 Bukit Bendera,N.24 Kebun Bunga,0.379
2022-01-01,Pulau Pinang,P.048 Bukit Bendera,N.24 Kebun Bunga,0.462
2024-01-01,Pulau Pinang,P.048 Bukit Bendera,N.24 Kebun Bunga,0.544
2019-01-01,Pulau Pinang,P.048 Bukit Bendera,N.25 Pulau Tikus,0.46
2022-01-01,Pulau Pinang,P.048 Bukit Bendera,N.25 Pulau Tikus,0.442
2024-01-01,Pulau Pinang,P.048 Bukit Bendera,N.25 Pulau Tikus,0.434
2019-01-01,Pulau Pinang,P.049 Tanjong,N.26 Padang Kota,0.235
2022-01-01,Pulau Pinang,P.049 Tanjong,N.26 Padang Kota,0.322
2024-01-01,Pulau Pinang,P.049 Tanjong,N.26 Padang Kota,0.5
2019-01-01,Pulau Pinang,P.049 Tanjong,N.27 Pengkalan Kota,0.328
2022-01-01,Pulau Pinang,P.049 Tanjong,N.27 Pengkalan Kota,0.297
2024-01-01,Pulau Pinang,P.049 Tanjong,N.27 Pengkalan Kota,0.259
2019-01-01,Pulau Pinang,P.049 Tanjong,N.28 Komtar,0.388
2022-01-01,Pulau Pinang,P.049 Tanjong,N.28 Komtar,0.324
2024-01-01,Pulau Pinang,P.049 Tanjong,N.28 Komtar,0.288
2019-01-01,Pulau Pinang,P.050 Jelutong,N.29 Datok Keramat,0.35
2022-01-01,Pulau Pinang,P.050 Jelutong,N.29 Datok Keramat,0.331
2024-01-01,Pulau Pinang,P.050 Jelutong,N.29 Datok Keramat,0.339
2019-01-01,Pulau Pinang,P.050 Jelutong,N.30 Sungai Pinang,0.236
2022-01-01,Pulau Pinang,P.050 Jelutong,N.30 Sungai Pinang,0.295
2024-01-01,Pulau Pinang,P.050 Jelutong,N.30 Sungai Pinang,0.318
2019-01-01,Pulau Pinang,P.050 Jelutong,N.31 Batu Lancang,0.285
2022-01-01,Pulau Pinang,P.050 Jelutong,N.31 Batu Lancang,0.324
2024-01-01,Pulau Pinang,P.050 Jelutong,N.31 Batu Lancang,0.334
2019-01-01,Pulau Pinang,P.051 Bukit Gelugor,N.32 Seri Delima,0.318
2022-01-01,Pulau Pinang,P.051 Bukit Gelugor,N.32 Seri Delima,0.38
2024-01-01,Pulau Pinang,P.051 Bukit Gelugor,N.32 Seri Delima,0.45
2019-01-01,Pulau Pinang,P.051 Bukit Gelugor,N.33 Air Itam,0.322
2022-01-01,Pulau Pinang,P.051 Bukit Gelugor,N.33 Air Itam,0.327
2024-01-01,Pulau Pinang,P.051 Bukit Gelugor,N.33 Air Itam,0.334
2019-01-01,Pulau Pinang,P.051 Bukit Gelugor,N.34 Paya Terubong,0.361
2022-01-01,Pulau Pinang,P.051 Bukit Gelugor,N.34 Paya Terubong,0.311
2024-01-01,Pulau Pinang,P.051 Bukit Gelugor,N.34 Paya Terubong,0.331
2019-01-01,Pulau Pinang,P.052 Bayan Baru,N.35 Batu Uban,0.328
2022-01-01,Pulau Pinang,P.052 Bayan Baru,N.35 Batu Uban,0.352
2024-01-01,Pulau Pinang,P.052 Bayan Baru,N.35 Batu Uban,0.319
2019-01-01,Pulau Pinang,P.052 Bayan Baru,N.36 Pantai Jerejak,0.383
2022-01-01,Pulau Pinang,P.052 Bayan Baru,N.36 Pantai Jerejak,0.341
2024-01-01,Pulau Pinang,P.052 Bayan Baru,N.36 Pantai Jerejak,0.228
2019-01-01,Pulau Pinang,P.052 Bayan Baru,N.37 Batu Maung,0.374
2022-01-01,Pulau Pinang,P.052 Bayan Baru,N.37 Batu Maung,0.37
2024-01-01,Pulau Pinang,P.052 Bayan Baru,N.37 Batu Maung,0.313
2019-01-01,Pulau Pinang,P.053 Balik Pulau,N.38 Bayan Lepas,0.329
2022-01-01,Pulau Pinang,P.053 Balik Pulau,N.38 Bayan Lepas,0.354
2024-01-01,Pulau Pinang,P.053 Balik Pulau,N.38 Bayan Lepas,0.306
2019-01-01,Pulau Pinang,P.053 Balik Pulau,N.39 Pulau Betong,0.279
2022-01-01,Pulau Pinang,P.053 Balik Pulau,N.39 Pulau Betong,0.295
2024-01-01,Pulau Pinang,P.053 Balik Pulau,N.39 Pulau Betong,0.282
2019-01-01,Pulau Pinang,P.053 Balik Pulau,N.40 Telok Bahang,0.351
2022-01-01,Pulau Pinang,P.053 Balik Pulau,N.40 Telok Bahang,0.317
2024-01-01,Pulau Pinang,P.053 Balik Pulau,N.40 Telok Bahang,0.274
2019-01-01,Perak,P.054 Gerik,N.01 Pengkalan Hulu,0.404
2022-01-01,Perak,P.054 Gerik,N.01 Pengkalan Hulu,0.313
2024-01-01,Perak,P.054 Gerik,N.01 Pengkalan Hulu,0.295
2019-01-01,Perak,P.054 Gerik,N.02 Temengor,0.294
2022-01-01,Perak,P.054 Gerik,N.02 Temengor,0.453
2024-01-01,Perak,P.054 Gerik,N.02 Temengor,0.317
2019-01-01,Perak,P.055 Lenggong,N.03 Kenering,0.404
2022-01-01,Perak,P.055 Lenggong,N.03 Kenering,0.259
2024-01-01,Perak,P.055 Lenggong,N.03 Kenering,0.273
2019-01-01,Perak,P.055 Lenggong,N.04 Kota Tampan,0.294
2022-01-01,Perak,P.055 Lenggong,N.04 Kota Tampan,0.395
2024-01-01,Perak,P.055 Lenggong,N.04 Kota Tampan,0.411
2019-01-01,Perak,P.056 Larut,N.05 Selama,0.364
2022-01-01,Perak,P.056 Larut,N.05 Selama,0.282
2024-01-01,Perak,P.056 Larut,N.05 Selama,0.354
2019-01-01,Perak,P.056 Larut,N.06 Kubu Gajah,0.28
2022-01-01,Perak,P.056 Larut,N.06 Kubu Gajah,0.329
2024-01-01,Perak,P.056 Larut,N.06 Kubu Gajah,0.218
2019-01-01,Perak,P.056 Larut,N.07 Batu Kurau,0.294
2022-01-01,Perak,P.056 Larut,N.07 Batu Kurau,0.32
2024-01-01,Perak,P.056 Larut,N.07 Batu Kurau,0.248
2019-01-01,Perak,P.057 Parit Buntar,N.08 Titi Serong,0.323
2022-01-01,Perak,P.057 Parit Buntar,N.08 Titi Serong,0.399
2024-01-01,Perak,P.057 Parit Buntar,N.08 Titi Serong,0.356
2019-01-01,Perak,P.057 Parit Buntar,N.09 Kuala Kurau,0.273
2022-01-01,Perak,P.057 Parit Buntar,N.09 Kuala Kurau,0.302
2024-01-01,Perak,P.057 Parit Buntar,N.09 Kuala Kurau,0.281
2019-01-01,Perak,P.058 Bagan Serai,N.10 Alor Pongsu,0.313
2022-01-01,Perak,P.058 Bagan Serai,N.10 Alor Pongsu,0.391
2024-01-01,Perak,P.058 Bagan Serai,N.10 Alor Pongsu,0.309
2019-01-01,Perak,P.058 Bagan Serai,N.11 Gunong Semanggol,0.286
2022-01-01,Perak,P.058 Bagan Serai,N.11 Gunong Semanggol,0.316
2024-01-01,Perak,P.058 Bagan Serai,N.11 Gunong Semanggol,0.238
2019-01-01,Perak,P.058 Bagan Serai,N.12 Selinsing,0.31
2022-01-01,Perak,P.058 Bagan Serai,N.12 Selinsing,0.376
2024-01-01,Perak,P.058 Bagan Serai,N.12 Selinsing,0.275
2019-01-01,Perak,P.059 Bukit Gantang,N.13 Kuala Sepetang,0.286
2022-01-01,Perak,P.059 Bukit Gantang,N.13 Kuala Sepetang,0.393
2024-01-01,Perak,P.059 Bukit Gantang,N.13 Kuala Sepetang,0.29
2019-01-01,Perak,P.059 Bukit Gantang,N.14 Changkat Jering,0.335
2022-01-01,Perak,P.059 Bukit Gantang,N.14 Changkat Jering,0.343
2024-01-01,Perak,P.059 Bukit Gantang,N.14 Changkat Jering,0.329
2019-01-01,Perak,P.059 Bukit Gantang,N.15 Trong,0.284
2022-01-01,Perak,P.059 Bukit Gantang,N.15 Trong,0.237
2024-01-01,Perak,P.059 Bukit Gantang,N.15 Trong,0.286
2019-01-01,Perak,P.060 Taiping,N.16 Kamunting,0.348
2022-01-01,Perak,P.060 Taiping,N.16 Kamunting,0.383
2024-01-01,Perak,P.060 Taiping,N.16 Kamunting,0.356
2019-01-01,Perak,P.060 Taiping,N.17 Pokok Assam,0.371
2022-01-01,Perak,P.060 Taiping,N.17 Pokok Assam,0.4
2024-01-01,Perak,P.060 Taiping,N.17 Pokok Assam,0.342
2019-01-01,Perak,P.060 Taiping,N.18 Aulong,0.25
2022-01-01,Perak,P.060 Taiping,N.18 Aulong,0.331
2024-01-01,Perak,P.060 Taiping,N.18 Aulong,0.334
2019-01-01,Perak,P.061 Padang Rengas,N.19 Chenderoh,0.332
2022-01-01,Perak,P.061 Padang Rengas,N.19 Chenderoh,0.317
2024-01-01,Perak,P.061 Padang Rengas,N.19 Chenderoh,0.279
2019-01-01,Perak,P.061 Padang Rengas,N.20 Lubok Merbau,0.474
2022-01-01,Perak,P.061 Padang Rengas,N.20 Lubok Merbau,0.462
2024-01-01,Perak,P.061 Padang Rengas,N.20 Lubok Merbau,0.478
2019-01-01,Perak,P.062 Sungai Siput,N.21 Lintang,0.338
2022-01-01,Perak,P.062 Sungai Siput,N.21 Lintang,0.398
2024-01-01,Perak,P.062 Sungai Siput,N.21 Lintang,0.305
2019-01-01,Perak,P.062 Sungai Siput,N.22 Jalong,0.336
2022-01-01,Perak,P.062 Sungai Siput,N.22 Jalong,0.387
2024-01-01,Perak,P.062 Sungai Siput,N.22 Jalong,0.321
2019-01-01,Perak,P.063 Tambun,N.23 Manjoi,0.368
2022-01-01,Perak,P.063 Tambun,N.23 Manjoi,0.363
2024-01-01,Perak,P.063 Tambun,N.23 Manjoi,0.398
2019-01-01,Perak,P.063 Tambun,N.24 Hulu Kinta,0.295
2022-01-01,Perak,P.063 Tambun,N.24 Hulu Kinta,0.324
2024-01-01,Perak,P.063 Tambun,N.24 Hulu Kinta,0.409
2019-01-01,Perak,P.064 Ipoh Timor,N.25 Canning,0.509
2022-01-01,Perak,P.064 Ipoh Timor,N.25 Canning,0.464
2024-01-01,Perak,P.064 Ipoh Timor,N.25 Canning,0.527
2019-01-01,Perak,P.064 Ipoh Timor,N.26 Tebing Tinggi,0.32
2022-01-01,Perak,P.064 Ipoh Timor,N.26 Tebing Tinggi,0.319
2024-01-01,Perak,P.064 Ipoh Timor,N.26 Tebing Tinggi,0.288
2019-01-01,Perak,P.064 Ipoh Timor,N.27 Pasir Pinji,0.364
2022-01-01,Perak,P.064 Ipoh Timor,N.27 Pasir Pinji,0.437
2024-01-01,Perak,P.064 Ipoh Timor,N.27 Pasir Pinji,0.357
2019-01-01,Perak,P.065 Ipoh Barat,N.28 Bercham,0.372
2022-01-01,Perak,P.065 Ipoh Barat,N.28 Bercham,0.368
2024-01-01,Perak,P.065 Ipoh Barat,N.28 Bercham,0.287
2019-01-01,Perak,P.065 Ipoh Barat,N.29 Kepayang,0.736
2022-01-01,Perak,P.065 Ipoh Barat,N.29 Kepayang,0.315
2024-01-01,Perak,P.065 Ipoh Barat,N.29 Kepayang,0.317
2019-01-01,Perak,P.065 Ipoh Barat,N.30 Buntong,0.37
2022-01-01,Perak,P.065 Ipoh Barat,N.30 Buntong,0.346
2024-01-01,Perak,P.065 Ipoh Barat,N.30 Buntong,0.301
2019-01-01,Perak,P.066 Batu Gajah,N.31 Jelapang,0.339
2022-01-01,Perak,P.066 Batu Gajah,N.31 Jelapang,0.326
2024-01-01,Perak,P.066 Batu Gajah,N.31 Jelapang,0.354
2019-01-01,Perak,P.066 Batu Gajah,N.32 Menglembu,0.324
2022-01-01,Perak,P.066 Batu Gajah,N.32 Menglembu,0.295
2024-01-01,Perak,P.066 Batu Gajah,N.32 Menglembu,0.422
2019-01-01,Perak,P.066 Batu Gajah,N.33 Tronoh,0.275
2022-01-01,Perak,P.066 Batu Gajah,N.33 Tronoh,0.284
2024-01-01,Perak,P.066 Batu Gajah,N.33 Tronoh,0.31
2019-01-01,Perak,P.067 Kuala Kangsar,N.34 Bukit Chandan,0.341
2022-01-01,Perak,P.067 Kuala Kangsar,N.34 Bukit Chandan,0.317
2024-01-01,Perak,P.067 Kuala Kangsar,N.34 Bukit Chandan,0.335
2019-01-01,Perak,P.067 Kuala Kangsar,N.35 Manong,0.324
2022-01-01,Perak,P.067 Kuala Kangsar,N.35 Manong,0.399
2024-01-01,Perak,P.067 Kuala Kangsar,N.35 Manong,0.305
2019-01-01,Perak,P.068 Beruas,N.36 Pengkalan Baharu,0.388
2022-01-01,Perak,P.068 Beruas,N.36 Pengkalan Baharu,0.387
2024-01-01,Perak,P.068 Beruas,N.36 Pengkalan Baharu,0.259
2019-01-01,Perak,P.068 Beruas,N.37 Pantai Remis,0.276
2022-01-01,Perak,P.068 Beruas,N.37 Pantai Remis,0.37
2024-01-01,Perak,P.068 Beruas,N.37 Pantai Remis,0.295
2019-01-01,Perak,P.068 Beruas,N.38 Astaka,0.447
2022-01-01,Perak,P.068 Beruas,N.38 Astaka,0.36
2024-01-01,Perak,P.068 Beruas,N.38 Astaka,0.345
2019-01-01,Perak,P.069 Parit,N.39 Belanja,0.331
2022-01-01,Perak,P.069 Parit,N.39 Belanja,0.357
2024-01-01,Perak,P.069 Parit,N.39 Belanja,0.314
2019-01-01,Perak,P.069 Parit,N.40 Bota,0.353
2022-01-01,Perak,P.069 Parit,N.40 Bota,0.37
2024-01-01,Perak,P.069 Parit,N.40 Bota,0.356
2019-01-01,Perak,P.070 Kampar,N.41 Malim Nawar,0.417
2022-01-01,Perak,P.070 Kampar,N.41 Malim Nawar,0.298
2024-01-01,Perak,P.070 Kampar,N.41 Malim Nawar,0.353
2019-01-01,Perak,P.070 Kampar,N.42 Keranji,0.341
2022-01-01,Perak,P.070 Kampar,N.42 Keranji,0.308
2024-01-01,Perak,P.070 Kampar,N.42 Keranji,0.38
2019-01-01,Perak,P.070 Kampar,N.43 Tualang Sekah,0.345
2022-01-01,Perak,P.070 Kampar,N.43 Tualang Sekah,0.292
2024-01-01,Perak,P.070 Kampar,N.43 Tualang Sekah,0.312
2019-01-01,Perak,P.071 Gopeng,N.44 Sungai Rapat,0.308
2022-01-01,Perak,P.071 Gopeng,N.44 Sungai Rapat,0.323
2024-01-01,Perak,P.071 Gopeng,N.44 Sungai Rapat,0.338
2019-01-01,Perak,P.071 Gopeng,N.45 Simpang Pulai,0.377
2022-01-01,Perak,P.071 Gopeng,N.45 Simpang Pulai,0.367
2024-01-01,Perak,P.071 Gopeng,N.45 Simpang Pulai,0.393
2019-01-01,Perak,P.071 Gopeng,N.46 Teja,0.332
2022-01-01,Perak,P.071 Gopeng,N.46 Teja,0.282
2024-01-01,Perak,P.071 Gopeng,N.46 Teja,0.302
2019-01-01,Perak,P.072 Tapah,N.47 Chenderiang,0.438
2022-01-01,Perak,P.072 Tapah,N.47 Chenderiang,0.372
2024-01-01,Perak,P.072 Tapah,N.47 Chenderiang,0.333
2019-01-01,Perak,P.072 Tapah,N.48 Ayer Kuning,0.329
2022-01-01,Perak,P.072 Tapah,N.48 Ayer Kuning,0.323
2024-01-01,Perak,P.072 Tapah,N.48 Ayer Kuning,0.349
2019-01-01,Perak,P.073 Pasir Salak,N.49 Sungai Manik,0.298
2022-01-01,Perak,P.073 Pasir Salak,N.49 Sungai Manik,0.346
2024-01-01,Perak,P.073 Pasir Salak,N.49 Sungai Manik,0.273
2019-01-01,Perak,P.073 Pasir Salak,N.50 Kampong Gajah,0.312
2022-01-01,Perak,P.073 Pasir Salak,N.50 Kampong Gajah,0.35
2024-01-01,Perak,P.073 Pasir Salak,N.50 Kampong Gajah,0.337
2019-01-01,Perak,P.074 Lumut,N.51 Pasir Panjang,0.331
2022-01-01,Perak,P.074 Lumut,N.51 Pasir Panjang,0.319
2024-01-01,Perak,P.074 Lumut,N.51 Pasir Panjang,0.357
2019-01-01,Perak,P.074 Lumut,N.52 Pangkor,0.409
2022-01-01,Perak,P.074 Lumut,N.52 Pangkor,0.245
2024-01-01,Perak,P.074 Lumut,N.52 Pangkor,0.226
2019-01-01,Perak,P.075 Bagan Datuk,N.53 Rungkup,0.322
2022-01-01,Perak,P.075 Bagan Datuk,N.53 Rungkup,0.388
2024-01-01,Perak,P.075 Bagan Datuk,N.53 Rungkup,0.36
2019-01-01,Perak,P.075 Bagan Datuk,N.54 Hutan Melintang,0.366
2022-01-01,Perak,P.075 Bagan Datuk,N.54 Hutan Melintang,0.355
2024-01-01,Perak,P.075 Bagan Datuk,N.54 Hutan Melintang,0.362
2019-01-01,Perak,P.076 Teluk Intan,N.55 Pasir Bedamar,0.427
2022-01-01,Perak,P.076 Teluk Intan,N.55 Pasir Bedamar,0.465
2024-01-01,Perak,P.076 Teluk Intan,N.55 Pasir Bedamar,0.401
2019-01-01,Perak,P.076 Teluk Intan,N.56 Changkat Jong,0.334
2022-01-01,Perak,P.076 Teluk Intan,N.56 Changkat Jong,0.339
2024-01-01,Perak,P.076 Teluk Intan,N.56 Changkat Jong,0.347
2019-01-01,Perak,P.077 Tanjong Malim,N.57 Sungkai,0.386
2022-01-01,Perak,P.077 Tanjong Malim,N.57 Sungkai,0.428
2024-01-01,Perak,P.077 Tanjong Malim,N.57 Sungkai,0.355
2019-01-01,Perak,P.077 Tanjong Malim,N.58 Slim,0.421
2022-01-01,Perak,P.077 Tanjong Malim,N.58 Slim,0.348
2024-01-01,Perak,P.077 Tanjong Malim,N.58 Slim,0.398
2019-01-01,Perak,P.077 Tanjong Malim,N.59 Behrang,0.39
2022-01-01,Perak,P.077 Tanjong Malim,N.59 Behrang,0.349
2024-01-01,Perak,P.077 Tanjong Malim,N.59 Behrang,0.341
2019-01-01,Pahang,P.078 Cameron Highlands,N.01 Tanah Rata,0.274
2022-01-01,Pahang,P.078 Cameron Highlands,N.01 Tanah Rata,0.272
2024-01-01,Pahang,P.078 Cameron Highlands,N.01 Tanah Rata,0.294
2019-01-01,Pahang,P.078 Cameron Highlands,N.02 Jelai,0.234
2022-01-01,Pahang,P.078 Cameron Highlands,N.02 Jelai,0.307
2024-01-01,Pahang,P.078 Cameron Highlands,N.02 Jelai,0.223
2019-01-01,Pahang,P.079 Lipis,N.03 Padang Tengku,0.297
2022-01-01,Pahang,P.079 Lipis,N.03 Padang Tengku,0.25
2024-01-01,Pahang,P.079 Lipis,N.03 Padang Tengku,0.243
2019-01-01,Pahang,P.079 Lipis,N.04 Cheka,0.279
2022-01-01,Pahang,P.079 Lipis,N.04 Cheka,0.275
2024-01-01,Pahang,P.079 Lipis,N.04 Cheka,0.225
2019-01-01,Pahang,P.079 Lipis,N.05 Benta,0.296
2022-01-01,Pahang,P.079 Lipis,N.05 Benta,0.213
2024-01-01,Pahang,P.079 Lipis,N.05 Benta,0.195
2019-01-01,Pahang,P.080 Raub,N.06 Batu Talam,0.161
2022-01-01,Pahang,P.080 Raub,N.06 Batu Talam,0.238
2024-01-01,Pahang,P.080 Raub,N.06 Batu Talam,0.172
2019-01-01,Pahang,P.080 Raub,N.07 Tras,0.321
2022-01-01,Pahang,P.080 Raub,N.07 Tras,0.25
2024-01-01,Pahang,P.080 Raub,N.07 Tras,0.354
2019-01-01,Pahang,P.080 Raub,N.08 Dong,0.287
2022-01-01,Pahang,P.080 Raub,N.08 Dong,0.269
2024-01-01,Pahang,P.080 Raub,N.08 Dong,0.354
2019-01-01,Pahang,P.081 Jerantut,N.09 Tahan,0.295
2022-01-01,Pahang,P.081 Jerantut,N.09 Tahan,0.326
2024-01-01,Pahang,P.081 Jerantut,N.09 Tahan,0.24
2019-01-01,Pahang,P.081 Jerantut,N.10 Damak,0.298
2022-01-01,Pahang,P.081 Jerantut,N.10 Damak,0.316
2024-01-01,Pahang,P.081 Jerantut,N.10 Damak,0.35
2019-01-01,Pahang,P.081 Jerantut,N.11 Pulau Tawar,0.268
2022-01-01,Pahang,P.081 Jerantut,N.11 Pulau Tawar,0.201
2024-01-01,Pahang,P.081 Jerantut,N.11 Pulau Tawar,0.309
2019-01-01,Pahang,P.082 Indera Mahkota,N.12 Beserah,0.325
2022-01-01,Pahang,P.082 Indera Mahkota,N.12 Beserah,0.301
2024-01-01,Pahang,P.082 Indera Mahkota,N.12 Beserah,0.293
2019-01-01,Pahang,P.082 Indera Mahkota,N.13 Semambu,0.332
2022-01-01,Pahang,P.082 Indera Mahkota,N.13 Semambu,0.333
2024-01-01,Pahang,P.082 Indera Mahkota,N.13 Semambu,0.372
2019-01-01,Pahang,P.083 Kuantan,N.14 Teruntum,0.359
2022-01-01,Pahang,P.083 Kuantan,N.14 Teruntum,0.302
2024-01-01,Pahang,P.083 Kuantan,N.14 Teruntum,0.289
2019-01-01,Pahang,P.083 Kuantan,N.15 Tanjung Lumpur,0.263
2022-01-01,Pahang,P.083 Kuantan,N.15 Tanjung Lumpur,0.287
2024-01-01,Pahang,P.083 Kuantan,N.15 Tanjung Lumpur,0.312
2019-01-01,Pahang,P.083 Kuantan,N.16 Inderapura,0.329
2022-01-01,Pahang,P.083 Kuantan,N.16 Inderapura,0.305
2024-01-01,Pahang,P.083 Kuantan,N.16 Inderapura,0.319
2019-01-01,Pahang,P.084 Paya Besar,N.17 Sungai Lembing,0.314
2022-01-01,Pahang,P.084 Paya Besar,N.17 Sungai Lembing,0.296
2024-01-01,Pahang,P.084 Paya Besar,N.17 Sungai Lembing,0.249
2019-01-01,Pahang,P.084 Paya Besar,N.18 Lepar,0.288
2022-01-01,Pahang,P.084 Paya Besar,N.18 Lepar,0.285
2024-01-01,Pahang,P.084 Paya Besar,N.18 Lepar,0.344
2019-01-01,Pahang,P.084 Paya Besar,N.19 Panching,0.298
2022-01-01,Pahang,P.084 Paya Besar,N.19 Panching,0.302
2024-01-01,Pahang,P.084 Paya Besar,N.19 Panching,0.287
2019-01-01,Pahang,P.085 Pekan,N.20 Pulau Manis,0.295
2022-01-01,Pahang,P.085 Pekan,N.20 Pulau Manis,0.246
2024-01-01,Pahang,P.085 Pekan,N.20 Pulau Manis,0.318
2019-01-01,Pahang,P.085 Pekan,N.21 Peramu Jaya,0.327
2022-01-01,Pahang,P.085 Pekan,N.21 Peramu Jaya,0.297
2024-01-01,Pahang,P.085 Pekan,N.21 Peramu Jaya,0.254
2019-01-01,Pahang,P.085 Pekan,N.22 Bebar,0.211
2022-01-01,Pahang,P.085 Pekan,N.22 Bebar,0.308
2024-01-01,Pahang,P.085 Pekan,N.22 Bebar,0.293
2019-01-01,Pahang,P.085 Pekan,N.23 Chini,0.314
2022-01-01,Pahang,P.085 Pekan,N.23 Chini,0.302
2024-01-01,Pahang,P.085 Pekan,N.23 Chini,0.237
2019-01-01,Pahang,P.086 Maran,N.24 Luit,0.325
2022-01-01,Pahang,P.086 Maran,N.24 Luit,0.283
2024-01-01,Pahang,P.086 Maran,N.24 Luit,0.221
2019-01-01,Pahang,P.086 Maran,N.25 Kuala Sentul,0.251
2022-01-01,Pahang,P.086 Maran,N.25 Kuala Sentul,0.267
2024-01-01,Pahang,P.086 Maran,N.25 Kuala Sentul,0.3
2019-01-01,Pahang,P.086 Maran,N.26 Chenor,0.315
2022-01-01,Pahang,P.086 Maran,N.26 Chenor,0.334
2024-01-01,Pahang,P.086 Maran,N.26 Chenor,0.276
2019-01-01,Pahang,P.087 Kuala Krau,N.27 Jenderak,0.219
2022-01-01,Pahang,P.087 Kuala Krau,N.27 Jenderak,0.282
2024-01-01,Pahang,P.087 Kuala Krau,N.27 Jenderak,0.226
2019-01-01,Pahang,P.087 Kuala Krau,N.28 Kerdau,0.322
2022-01-01,Pahang,P.087 Kuala Krau,N.28 Kerdau,0.253
2024-01-01,Pahang,P.087 Kuala Krau,N.28 Kerdau,0.235
2019-01-01,Pahang,P.087 Kuala Krau,N.29 Jengka,0.316
2022-01-01,Pahang,P.087 Kuala Krau,N.29 Jengka,0.274
2024-01-01,Pahang,P.087 Kuala Krau,N.29 Jengka,0.229
2019-01-01,Pahang,P.088 Temerloh,N.30 Mentakab,0.339
2022-01-01,Pahang,P.088 Temerloh,N.30 Mentakab,0.309
2024-01-01,Pahang,P.088 Temerloh,N.30 Mentakab,0.331
2019-01-01,Pahang,P.088 Temerloh,N.31 Lanchang,0.296
2022-01-01,Pahang,P.088 Temerloh,N.31 Lanchang,0.26
2024-01-01,Pahang,P.088 Temerloh,N.31 Lanchang,0.253
2019-01-01,Pahang,P.088 Temerloh,N.32 Kuala Semantan,0.322
2022-01-01,Pahang,P.088 Temerloh,N.32 Kuala Semantan,0.291
2024-01-01,Pahang,P.088 Temerloh,N.32 Kuala Semantan,0.379
2019-01-01,Pahang,P.089 Bentong,N.33 Bilut,0.23
2022-01-01,Pahang,P.089 Bentong,N.33 Bilut,0.232
2024-01-01,Pahang,P.089 Bentong,N.33 Bilut,0.33
2019-01-01,Pahang,P.089 Bentong,N.34 Ketari,0.32
2022-01-01,Pahang,P.089 Bentong,N.34 Ketari,0.258
2024-01-01,Pahang,P.089 Bentong,N.34 Ketari,0.273
2019-01-01,Pahang,P.089 Bentong,N.35 Sabai,0.254
2022-01-01,Pahang,P.089 Bentong,N.35 Sabai,0.21
2024-01-01,Pahang,P.089 Bentong,N.35 Sabai,0.297
2019-01-01,Pahang,P.089 Bentong,N.36 Pelangai,0.186
2022-01-01,Pahang,P.089 Bentong,N.36 Pelangai,0.211
2024-01-01,Pahang,P.089 Bentong,N.36 Pelangai,0.13
2019-01-01,Pahang,P.090 Bera,N.37 Guai,0.284
2022-01-01,Pahang,P.090 Bera,N.37 Guai,0.268
2024-01-01,Pahang,P.090 Bera,N.37 Guai,0.302
2019-01-01,Pahang,P.090 Bera,N.38 Triang,0.285
2022-01-01,Pahang,P.090 Bera,N.38 Triang,0.264
2024-01-01,Pahang,P.090 Bera,N.38 Triang,0.322
2019-01-01,Pahang,P.090 Bera,N.39 Kemayan,0.294
2022-01-01,Pahang,P.090 Bera,N.39 Kemayan,0.223
2024-01-01,Pahang,P.090 Bera,N.39 Kemayan,0.283
2019-01-01,Pahang,P.091 Rompin,N.40 Bukit Ibam,0.255
2022-01-01,Pahang,P.091 Rompin,N.40 Bukit Ibam,0.342
2024-01-01,Pahang,P.091 Rompin,N.40 Bukit Ibam,0.225
2019-01-01,Pahang,P.091 Rompin,N.41 Muadzam Shah,0.266
2022-01-01,Pahang,P.091 Rompin,N.41 Muadzam Shah,0.304
2024-01-01,Pahang,P.091 Rompin,N.41 Muadzam Shah,0.298
2019-01-01,Pahang,P.091 Rompin,N.42 Tioman,0.335
2022-01-01,Pahang,P.091 Rompin,N.42 Tioman,0.337
2024-01-01,Pahang,P.091 Rompin,N.42 Tioman,0.289
2019-01-01,Selangor,P.092 Sabak Bernam,N.01 Sungai Air Tawar,0.326
2022-01-01,Selangor,P.092 Sabak Bernam,N.01 Sungai Air Tawar,0.256
2024-01-01,Selangor,P.092 Sabak Bernam,N.01 Sungai Air Tawar,0.187
2019-01-01,Selangor,P.092 Sabak Bernam,N.02 Sabak,0.331
2022-01-01,Selangor,P.092 Sabak Bernam,N.02 Sabak,0.363
2024-01-01,Selangor,P.092 Sabak Bernam,N.02 Sabak,0.212
2019-01-01,Selangor,P.093 Sungai Besar,N.03 Sungai Panjang,0.403
2022-01-01,Selangor,P.093 Sungai Besar,N.03 Sungai Panjang,0.318
2024-01-01,Selangor,P.093 Sungai Besar,N.03 Sungai Panjang,0.255
2019-01-01,Selangor,P.093 Sungai Besar,N.04 Sekinchan,0.383
2022-01-01,Selangor,P.093 Sungai Besar,N.04 Sekinchan,0.278
2024-01-01,Selangor,P.093 Sungai Besar,N.04 Sekinchan,0.34
2019-01-01,Selangor,P.094 Hulu Selangor,N.05 Hulu Bernam,0.277
2022-01-01,Selangor,P.094 Hulu Selangor,N.05 Hulu Bernam,0.294
2024-01-01,Selangor,P.094 Hulu Selangor,N.05 Hulu Bernam,0.34
2019-01-01,Selangor,P.094 Hulu Selangor,N.06 Kuala Kubu Baharu,0.354
2022-01-01,Selangor,P.094 Hulu Selangor,N.06 Kuala Kubu Baharu,0.288
2024-01-01,Selangor,P.094 Hulu Selangor,N.06 Kuala Kubu Baharu,0.267
2019-01-01,Selangor,P.094 Hulu Selangor,N.07 Batang Kali,0.337
2022-01-01,Selangor,P.094 Hulu Selangor,N.07 Batang Kali,0.289
2024-01-01,Selangor,P.094 Hulu Selangor,N.07 Batang Kali,0.241
2019-01-01,Selangor,P.095 Tanjong Karang,N.08 Sungai Burong,0.361
2022-01-01,Selangor,P.095 Tanjong Karang,N.08 Sungai Burong,0.255
2024-01-01,Selangor,P.095 Tanjong Karang,N.08 Sungai Burong,0.2
2019-01-01,Selangor,P.095 Tanjong Karang,N.09 Permatang,0.411
2022-01-01,Selangor,P.095 Tanjong Karang,N.09 Permatang,0.328
2024-01-01,Selangor,P.095 Tanjong Karang,N.09 Permatang,0.255
2019-01-01,Selangor,P.096 Kuala Selangor,N.10 Bukit Melawati,0.348
2022-01-01,Selangor,P.096 Kuala Selangor,N.10 Bukit Melawati,0.312
2024-01-01,Selangor,P.096 Kuala Selangor,N.10 Bukit Melawati,0.236
2019-01-01,Selangor,P.096 Kuala Selangor,N.11 Ijok,0.458
2022-01-01,Selangor,P.096 Kuala Selangor,N.11 Ijok,0.324
2024-01-01,Selangor,P.096 Kuala Selangor,N.11 Ijok,0.399
2019-01-01,Selangor,P.096 Kuala Selangor,N.12 Jeram,0.32
2022-01-01,Selangor,P.096 Kuala Selangor,N.12 Jeram,0.36
2024-01-01,Selangor,P.096 Kuala Selangor,N.12 Jeram,0.351
2019-01-01,Selangor,P.097 Selayang,N.13 Kuang,0.317
2022-01-01,Selangor,P.097 Selayang,N.13 Kuang,0.333
2024-01-01,Selangor,P.097 Selayang,N.13 Kuang,0.28
2019-01-01,Selangor,P.097 Selayang,N.14 Rawang,0.387
2022-01-01,Selangor,P.097 Selayang,N.14 Rawang,0.387
2024-01-01,Selangor,P.097 Selayang,N.14 Rawang,0.269
2019-01-01,Selangor,P.097 Selayang,N.15 Taman Templer,0.346
2022-01-01,Selangor,P.097 Selayang,N.15 Taman Templer,0.356
2024-01-01,Selangor,P.097 Selayang,N.15 Taman Templer,0.241
2019-01-01,Selangor,P.098 Gombak,N.16 Sungai Tua,0.466
2022-01-01,Selangor,P.098 Gombak,N.16 Sungai Tua,0.309
2024-01-01,Selangor,P.098 Gombak,N.16 Sungai Tua,0.398
2019-01-01,Selangor,P.098 Gombak,N.17 Gombak Setia,0.32
2022-01-01,Selangor,P.098 Gombak,N.17 Gombak Setia,0.347
2024-01-01,Selangor,P.098 Gombak,N.17 Gombak Setia,0.293
2019-01-01,Selangor,P.098 Gombak,N.18 Hulu Kelang,0.41
2022-01-01,Selangor,P.098 Gombak,N.18 Hulu Kelang,0.32
2024-01-01,Selangor,P.098 Gombak,N.18 Hulu Kelang,0.322
2019-01-01,Selangor,P.099 Ampang,N.19 Bukit Antarabangsa,0.422
2022-01-01,Selangor,P.099 Ampang,N.19 Bukit Antarabangsa,0.457
2024-01-01,Selangor,P.099 Ampang,N.19 Bukit Antarabangsa,0.405
2019-01-01,Selangor,P.099 Ampang,N.20 Lembah Jaya,0.488
2022-01-01,Selangor,P.099 Ampang,N.20 Lembah Jaya,0.224
2024-01-01,Selangor,P.099 Ampang,N.20 Lembah Jaya,0.186
2019-01-01,Selangor,P.100 Pandan,N.21 Pandan Indah,0.279
2022-01-01,Selangor,P.100 Pandan,N.21 Pandan Indah,0.284
2024-01-01,Selangor,P.100 Pandan,N.21 Pandan Indah,0.125
2019-01-01,Selangor,P.100 Pandan,N.22 Teratai,0.283
2022-01-01,Selangor,P.100 Pandan,N.22 Teratai,0.339
2024-01-01,Selangor,P.100 Pandan,N.22 Teratai,0.144
2019-01-01,Selangor,P.101 Hulu Langat,N.23 Dusun Tua,0.29
2022-01-01,Selangor,P.101 Hulu Langat,N.23 Dusun Tua,0.253
2024-01-01,Selangor,P.101 Hulu Langat,N.23 Dusun Tua,0.178
2019-01-01,Selangor,P.101 Hulu Langat,N.24 Semenyih,0.327
2022-01-01,Selangor,P.101 Hulu Langat,N.24 Semenyih,0.239
2024-01-01,Selangor,P.101 Hulu Langat,N.24 Semenyih,0.268
2019-01-01,Selangor,P.102 Bangi,N.25 Kajang,0.33
2022-01-01,Selangor,P.102 Bangi,N.25 Kajang,0.386
2024-01-01,Selangor,P.102 Bangi,N.25 Kajang,0.169
2019-01-01,Selangor,P.102 Bangi,N.26 Sungai Ramal,0.359
2022-01-01,Selangor,P.102 Bangi,N.26 Sungai Ramal,0.34
2024-01-01,Selangor,P.102 Bangi,N.26 Sungai Ramal,0.35
2019-01-01,Selangor,P.102 Bangi,N.27 Balakong,0.315
2022-01-01,Selangor,P.102 Bangi,N.27 Balakong,0.32
2024-01-01,Selangor,P.102 Bangi,N.27 Balakong,0.212
2019-01-01,Selangor,P.103 Puchong,N.28 Seri Kembangan,0.382
2022-01-01,Selangor,P.103 Puchong,N.28 Seri Kembangan,0.327
2024-01-01,Selangor,P.103 Puchong,N.28 Seri Kembangan,0.345
2019-01-01,Selangor,P.103 Puchong,N.29 Seri Serdang,0.408
2022-01-01,Selangor,P.103 Puchong,N.29 Seri Serdang,0.381
2024-01-01,Selangor,P.103 Puchong,N.29 Seri Serdang,0.294
2019-01-01,Selangor,P.104 Subang,N.30 Kinrara,0.372
2022-01-01,Selangor,P.104 Subang,N.30 Kinrara,0.347
2024-01-01,Selangor,P.104 Subang,N.30 Kinrara,0.33
2019-01-01,Selangor,P.104 Subang,N.31 Subang Jaya,0.376
2022-01-01,Selangor,P.104 Subang,N.31 Subang Jaya,0.374
2024-01-01,Selangor,P.104 Subang,N.31 Subang Jaya,0.358
2019-01-01,Selangor,P.105 Petaling Jaya,N.32 Seri Setia,0.378
2022-01-01,Selangor,P.105 Petaling Jaya,N.32 Seri Setia,0.399
2024-01-01,Selangor,P.105 Petaling Jaya,N.32 Seri Setia,0.506
2019-01-01,Selangor,P.105 Petaling Jaya,N.33 Taman Medan,0.341
2022-01-01,Selangor,P.105 Petaling Jaya,N.33 Taman Medan,0.312
2024-01-01,Selangor,P.105 Petaling Jaya,N.33 Taman Medan,0.226
2019-01-01,Selangor,P.105 Petaling Jaya,N.34 Bukit Gasing,0.579
2022-01-01,Selangor,P.105 Petaling Jaya,N.34 Bukit Gasing,0.407
2024-01-01,Selangor,P.105 Petaling Jaya,N.34 Bukit Gasing,0.361
2019-01-01,Selangor,P.106 Damansara,N.35 Kampung Tunku,0.313
2022-01-01,Selangor,P.106 Damansara,N.35 Kampung Tunku,0.402
2024-01-01,Selangor,P.106 Damansara,N.35 Kampung Tunku,0.47
2019-01-01,Selangor,P.106 Damansara,N.36 Bandar Utama,0.368
2022-01-01,Selangor,P.106 Damansara,N.36 Bandar Utama,0.351
2024-01-01,Selangor,P.106 Damansara,N.36 Bandar Utama,0.338
2019-01-01,Selangor,P.106 Damansara,N.37 Bukit Lanjan,0.409
2022-01-01,Selangor,P.106 Damansara,N.37 Bukit Lanjan,0.334
2024-01-01,Selangor,P.106 Damansara,N.37 Bukit Lanjan,0.336
2019-01-01,Selangor,P.107 Sungai Buloh,N.38 Paya Jaras,0.377
2022-01-01,Selangor,P.107 Sungai Buloh,N.38 Paya Jaras,0.331
2024-01-01,Selangor,P.107 Sungai Buloh,N.38 Paya Jaras,0.362
2019-01-01,Selangor,P.107 Sungai Buloh,N.39 Kota Damansara,0.489
2022-01-01,Selangor,P.107 Sungai Buloh,N.39 Kota Damansara,0.422
2024-01-01,Selangor,P.107 Sungai Buloh,N.39 Kota Damansara,0.461
2019-01-01,Selangor,P.108 Shah Alam,N.40 Kota Anggerik,0.373
2022-01-01,Selangor,P.108 Shah Alam,N.40 Kota Anggerik,0.373
2024-01-01,Selangor,P.108 Shah Alam,N.40 Kota Anggerik,0.357
2019-01-01,Selangor,P.108 Shah Alam,N.41 Batu Tiga,0.406
2022-01-01,Selangor,P.108 Shah Alam,N.41 Batu Tiga,0.535
2024-01-01,Selangor,P.108 Shah Alam,N.41 Batu Tiga,0.381
2019-01-01,Selangor,P.109 Kapar,N.42 Meru,0.326
2022-01-01,Selangor,P.109 Kapar,N.42 Meru,0.443
2024-01-01,Selangor,P.109 Kapar,N.42 Meru,0.224
2019-01-01,Selangor,P.109 Kapar,N.43 Sementa,0.343
2022-01-01,Selangor,P.109 Kapar,N.43 Sementa,0.311
2024-01-01,Selangor,P.109 Kapar,N.43 Sementa,0.321
2019-01-01,Selangor,P.109 Kapar,N.44 Selat Klang,0.383
2022-01-01,Selangor,P.109 Kapar,N.44 Selat Klang,0.268
2024-01-01,Selangor,P.109 Kapar,N.44 Selat Klang,0.34
2019-01-01,Selangor,P.110 Klang,N.45 Bandar Baru Klang,0.353
2022-01-01,Selangor,P.110 Klang,N.45 Bandar Baru Klang,0.351
2024-01-01,Selangor,P.110 Klang,N.45 Bandar Baru Klang,0.23
2019-01-01,Selangor,P.110 Klang,N.46 Pelabuhan Klang,0.326
2022-01-01,Selangor,P.110 Klang,N.46 Pelabuhan Klang,0.277
2024-01-01,Selangor,P.110 Klang,N.46 Pelabuhan Klang,0.27
2019-01-01,Selangor,P.110 Klang,N.47 Pandamaran,0.428
2022-01-01,Selangor,P.110 Klang,N.47 Pandamaran,0.36
2024-01-01,Selangor,P.110 Klang,N.47 Pandamaran,0.357
2019-01-01,Selangor,P.111 Kota Raja,N.48 Sentosa,0.339
2022-01-01,Selangor,P.111 Kota Raja,N.48 Sentosa,0.296
2024-01-01,Selangor,P.111 Kota Raja,N.48 Sentosa,0.295
2019-01-01,Selangor,P.111 Kota Raja,N.49 Sungai Kandis,0.341
2022-01-01,Selangor,P.111 Kota Raja,N.49 Sungai Kandis,0.364
2024-01-01,Selangor,P.111 Kota Raja,N.49 Sungai Kandis,0.348
2019-01-01,Selangor,P.111 Kota Raja,N.50 Kota Kemuning,0.429
2022-01-01,Selangor,P.111 Kota Raja,N.50 Kota Kemuning,0.417
2024-01-01,Selangor,P.111 Kota Raja,N.50 Kota Kemuning,0.325
2019-01-01,Selangor,P.112 Kuala Langat,N.51 Sijangkang,0.315
2022-01-01,Selangor,P.112 Kuala Langat,N.51 Sijangkang,0.262
2024-01-01,Selangor,P.112 Kuala Langat,N.51 Sijangkang,0.178
2019-01-01,Selangor,P.112 Kuala Langat,N.52 Banting,0.336
2022-01-01,Selangor,P.112 Kuala Langat,N.52 Banting,0.289
2024-01-01,Selangor,P.112 Kuala Langat,N.52 Banting,0.128
2019-01-01,Selangor,P.112 Kuala Langat,N.53 Morib,0.366
2022-01-01,Selangor,P.112 Kuala Langat,N.53 Morib,0.275
2024-01-01,Selangor,P.112 Kuala Langat,N.53 Morib,0.107
2019-01-01,Selangor,P.113 Sepang,N.54 Tanjong Sepat,0.308
2022-01-01,Selangor,P.113 Sepang,N.54 Tanjong Sepat,0.284
2024-01-01,Selangor,P.113 Sepang,N.54 Tanjong Sepat,0.161
2019-01-01,Selangor,P.113 Sepang,N.55 Dengkil,0.415
2022-01-01,Selangor,P.113 Sepang,N.55 Dengkil,0.226
2024-01-01,Selangor,P.113 Sepang,N.55 Dengkil,0.357
2019-01-01,Selangor,P.113 Sepang,N.56 Sungai Pelek,0.341
2022-01-01,Selangor,P.113 Sepang,N.56 Sungai Pelek,0.224
2024-01-01,Selangor,P.113 Sepang,N.56 Sungai Pelek,0.121
2019-01-01,Negeri Sembilan,P.126 Jelebu,N.01 Chennah,0.394
2022-01-01,Negeri Sembilan,P.126 Jelebu,N.01 Chennah,0.323
2024-01-01,Negeri Sembilan,P.126 Jelebu,N.01 Chennah,0.26
2019-01-01,Negeri Sembilan,P.126 Jelebu,N.02 Pertang,0.227
2022-01-01,Negeri Sembilan,P.126 Jelebu,N.02 Pertang,0.262
2024-01-01,Negeri Sembilan,P.126 Jelebu,N.02 Pertang,0.316
2019-01-01,Negeri Sembilan,P.126 Jelebu,N.03 Sungai Lui,0.282
2022-01-01,Negeri Sembilan,P.126 Jelebu,N.03 Sungai Lui,0.383
2024-01-01,Negeri Sembilan,P.126 Jelebu,N.03 Sungai Lui,0.277
2019-01-01,Negeri Sembilan,P.126 Jelebu,N.04 Klawang,0.376
2022-01-01,Negeri Sembilan,P.126 Jelebu,N.04 Klawang,0.324
2024-01-01,Negeri Sembilan,P.126 Jelebu,N.04 Klawang,0.325
2019-01-01,Negeri Sembilan,P.127 Jempol,N.05 Serting,0.289
2022-01-01,Negeri Sembilan,P.127 Jempol,N.05 Serting,0.307
2024-01-01,Negeri Sembilan,P.127 Jempol,N.05 Serting,0.392
2019-01-01,Negeri Sembilan,P.127 Jempol,N.06 Palong,0.261
2022-01-01,Negeri Sembilan,P.127 Jempol,N.06 Palong,0.197
2024-01-01,Negeri Sembilan,P.127 Jempol,N.06 Palong,0.197
2019-01-01,Negeri Sembilan,P.127 Jempol,N.07 Jeram Padang,0.375
2022-01-01,Negeri Sembilan,P.127 Jempol,N.07 Jeram Padang,0.292
2024-01-01,Negeri Sembilan,P.127 Jempol,N.07 Jeram Padang,0.283
2019-01-01,Negeri Sembilan,P.127 Jempol,N.08 Bahau,0.39
2022-01-01,Negeri Sembilan,P.127 Jempol,N.08 Bahau,0.348
2024-01-01,Negeri Sembilan,P.127 Jempol,N.08 Bahau,0.411
2019-01-01,Negeri Sembilan,P.128 Seremban,N.09 Lenggeng,0.389
2022-01-01,Negeri Sembilan,P.128 Seremban,N.09 Lenggeng,0.335
2024-01-01,Negeri Sembilan,P.128 Seremban,N.09 Lenggeng,0.317
2019-01-01,Negeri Sembilan,P.128 Seremban,N.10 Nilai,0.365
2022-01-01,Negeri Sembilan,P.128 Seremban,N.10 Nilai,0.356
2024-01-01,Negeri Sembilan,P.128 Seremban,N.10 Nilai,0.381
2019-01-01,Negeri Sembilan,P.128 Seremban,N.11 Lobak,0.461
2022-01-01,Negeri Sembilan,P.128 Seremban,N.11 Lobak,0.425
2024-01-01,Negeri Sembilan,P.128 Seremban,N.11 Lobak,0.376
2019-01-01,Negeri Sembilan,P.128 Seremban,N.12 Temiang,0.442
2022-01-01,Negeri Sembilan,P.128 Seremban,N.12 Temiang,0.411
2024-01-01,Negeri Sembilan,P.128 Seremban,N.12 Temiang,0.323
2019-01-01,Negeri Sembilan,P.128 Seremban,N.13 Sikamat,0.317
2022-01-01,Negeri Sembilan,P.128 Seremban,N.13 Sikamat,0.328
2024-01-01,Negeri Sembilan,P.128 Seremban,N.13 Sikamat,0.29
2019-01-01,Negeri Sembilan,P.128 Seremban,N.14 Ampangan,0.29
2022-01-01,Negeri Sembilan,P.128 Seremban,N.14 Ampangan,0.375
2024-01-01,Negeri Sembilan,P.128 Seremban,N.14 Ampangan,0.301
2019-01-01,Negeri Sembilan,P.129 Kuala Pilah,N.15 Juasseh,0.346
2022-01-01,Negeri Sembilan,P.129 Kuala Pilah,N.15 Juasseh,0.343
2024-01-01,Negeri Sembilan,P.129 Kuala Pilah,N.15 Juasseh,0.318
2019-01-01,Negeri Sembilan,P.129 Kuala Pilah,N.16 Seri Menanti,0.377
2022-01-01,Negeri Sembilan,P.129 Kuala Pilah,N.16 Seri Menanti,0.303
2024-01-01,Negeri Sembilan,P.129 Kuala Pilah,N.16 Seri Menanti,0.298
2019-01-01,Negeri Sembilan,P.129 Kuala Pilah,N.17 Senaling,0.355
2022-01-01,Negeri Sembilan,P.129 Kuala Pilah,N.17 Senaling,0.262
2024-01-01,Negeri Sembilan,P.129 Kuala Pilah,N.17 Senaling,0.359
2019-01-01,Negeri Sembilan,P.129 Kuala Pilah,N.18 Pilah,0.338
2022-01-01,Negeri Sembilan,P.129 Kuala Pilah,N.18 Pilah,0.365
2024-01-01,Negeri Sembilan,P.129 Kuala Pilah,N.18 Pilah,0.292
2019-01-01,Negeri Sembilan,P.129 Kuala Pilah,N.19 Johol,0.406
2022-01-01,Negeri Sembilan,P.129 Kuala Pilah,N.19 Johol,0.327
2024-01-01,Negeri Sembilan,P.129 Kuala Pilah,N.19 Johol,0.319
2019-01-01,Negeri Sembilan,P.130 Rasah,N.20 Labu,0.356
2022-01-01,Negeri Sembilan,P.130 Rasah,N.20 Labu,0.306
2024-01-01,Negeri Sembilan,P.130 Rasah,N.20 Labu,0.311
2019-01-01,Negeri Sembilan,P.130 Rasah,N.21 Bukit Kepayang,0.402
2022-01-01,Negeri Sembilan,P.130 Rasah,N.21 Bukit Kepayang,0.378
2024-01-01,Negeri Sembilan,P.130 Rasah,N.21 Bukit Kepayang,0.395
2019-01-01,Negeri Sembilan,P.130 Rasah,N.22 Rahang,0.418
2022-01-01,Negeri Sembilan,P.130 Rasah,N.22 Rahang,0.339
2024-01-01,Negeri Sembilan,P.130 Rasah,N.22 Rahang,0.268
2019-01-01,Negeri Sembilan,P.130 Rasah,N.23 Mambau,0.414
2022-01-01,Negeri Sembilan,P.130 Rasah,N.23 Mambau,0.398
2024-01-01,Negeri Sembilan,P.130 Rasah,N.23 Mambau,0.427
2019-01-01,Negeri Sembilan,P.130 Rasah,N.24 Seremban Jaya,0.367
2022-01-01,Negeri Sembilan,P.130 Rasah,N.24 Seremban Jaya,0.327
2024-01-01,Negeri Sembilan,P.130 Rasah,N.24 Seremban Jaya,0.374
2019-01-01,Negeri Sembilan,P.131 Rembau,N.25 Paroi,0.36
2022-01-01,Negeri Sembilan,P.131 Rembau,N.25 Paroi,0.292
2024-01-01,Negeri Sembilan,P.131 Rembau,N.25 Paroi,0.346
2019-01-01,Negeri Sembilan,P.131 Rembau,N.26 Chembong,0.379
2022-01-01,Negeri Sembilan,P.131 Rembau,N.26 Chembong,0.334
2024-01-01,Negeri Sembilan,P.131 Rembau,N.26 Chembong,0.351
2019-01-01,Negeri Sembilan,P.131 Rembau,N.27 Rantau,0.282
2022-01-01,Negeri Sembilan,P.131 Rembau,N.27 Rantau,0.322
2024-01-01,Negeri Sembilan,P.131 Rembau,N.27 Rantau,0.321
2019-01-01,Negeri Sembilan,P.131 Rembau,N.28 Kota,0.327
2022-01-01,Negeri Sembilan,P.131 Rembau,N.28 Kota,0.327
2024-01-01,Negeri Sembilan,P.131 Rembau,N.28 Kota,0.313
2019-01-01,Negeri Sembilan,P.132 Port Dickson,N.29 Chuah,0.323
2022-01-01,Negeri Sembilan,P.132 Port Dickson,N.29 Chuah,0.323
2024-01-01,Negeri Sembilan,P.132 Port Dickson,N.29 Chuah,0.419
2019-01-01,Negeri Sembilan,P.132 Port Dickson,N.30 Lukut,0.381
2022-01-01,Negeri Sembilan,P.132 Port Dickson,N.30 Lukut,0.362
2024-01-01,Negeri Sembilan,P.132 Port Dickson,N.30 Lukut,0.325
2019-01-01,Negeri Sembilan,P.132 Port Dickson,N.31 Bagan Pinang,0.324
2022-01-01,Negeri Sembilan,P.132 Port Dickson,N.31 Bagan Pinang,0.317
2024-01-01,Negeri Sembilan,P.132 Port Dickson,N.31 Bagan Pinang,0.275
2019-01-01,Negeri Sembilan,P.132 Port Dickson,N.32 Linggi,0.298
2022-01-01,Negeri Sembilan,P.132 Port Dickson,N.32 Linggi,0.277
2024-01-01,Negeri Sembilan,P.132 Port Dickson,N.32 Linggi,0.324
2019-01-01,Negeri Sembilan,P.132 Port Dickson,N.33 Sri Tanjung,0.463
2022-01-01,Negeri Sembilan,P.132 Port Dickson,N.33 Sri Tanjung,0.357
2024-01-01,Negeri Sembilan,P.132 Port Dickson,N.33 Sri Tanjung,0.312
2019-01-01,Negeri Sembilan,P.133 Tampin,N.34 Gemas,0.357
2022-01-01,Negeri Sembilan,P.133 Tampin,N.34 Gemas,0.303
2024-01-01,Negeri Sembilan,P.133 Tampin,N.34 Gemas,0.327
2019-01-01,Negeri Sembilan,P.133 Tampin,N.35 Gemencheh,0.338
2022-01-01,Negeri Sembilan,P.133 Tampin,N.35 Gemencheh,0.344
2024-01-01,Negeri Sembilan,P.133 Tampin,N.35 Gemencheh,0.421
2019-01-01,Negeri Sembilan,P.133 Tampin,N.36 Repah,0.401
2022-01-01,Negeri Sembilan,P.133 Tampin,N.36 Repah,0.357
2024-01-01,Negeri Sembilan,P.133 Tampin,N.36 Repah,0.272
2019-01-01,Melaka,P.134 Masjid Tanah,N.01 Kuala Linggi,0.301
2022-01-01,Melaka,P.134 Masjid Tanah,N.01 Kuala Linggi,0.313
2024-01-01,Melaka,P.134 Masjid Tanah,N.01 Kuala Linggi,0.265
2019-01-01,Melaka,P.134 Masjid Tanah,N.02 Tanjung Bidara,0.341
2022-01-01,Melaka,P.134 Masjid Tanah,N.02 Tanjung Bidara,0.369
2024-01-01,Melaka,P.134 Masjid Tanah,N.02 Tanjung Bidara,0.275
2019-01-01,Melaka,P.134 Masjid Tanah,N.03 Ayer Limau,0.393
2022-01-01,Melaka,P.134 Masjid Tanah,N.03 Ayer Limau,0.356
2024-01-01,Melaka,P.134 Masjid Tanah,N.03 Ayer Limau,0.316
2019-01-01,Melaka,P.134 Masjid Tanah,N.04 Lendu,0.409
2022-01-01,Melaka,P.134 Masjid Tanah,N.04 Lendu,0.328
2024-01-01,Melaka,P.134 Masjid Tanah,N.04 Lendu,0.274
2019-01-01,Melaka,P.134 Masjid Tanah,N.05 Taboh Naning,0.257
2022-01-01,Melaka,P.134 Masjid Tanah,N.05 Taboh Naning,0.311
2024-01-01,Melaka,P.134 Masjid Tanah,N.05 Taboh Naning,0.254
2019-01-01,Melaka,P.135 Alor Gajah,N.06 Rembia,0.338
2022-01-01,Melaka,P.135 Alor Gajah,N.06 Rembia,0.332
2024-01-01,Melaka,P.135 Alor Gajah,N.06 Rembia,0.312
2019-01-01,Melaka,P.135 Alor Gajah,N.07 Gadek,0.378
2022-01-01,Melaka,P.135 Alor Gajah,N.07 Gadek,0.272
2024-01-01,Melaka,P.135 Alor Gajah,N.07 Gadek,0.229
2019-01-01,Melaka,P.135 Alor Gajah,N.08 Machap Jaya,0.266
2022-01-01,Melaka,P.135 Alor Gajah,N.08 Machap Jaya,0.238
2024-01-01,Melaka,P.135 Alor Gajah,N.08 Machap Jaya,0.279
2019-01-01,Melaka,P.135 Alor Gajah,N.09 Durian Tunggal,0.3
2022-01-01,Melaka,P.135 Alor Gajah,N.09 Durian Tunggal,0.314
2024-01-01,Melaka,P.135 Alor Gajah,N.09 Durian Tunggal,0.39
2019-01-01,Melaka,P.135 Alor Gajah,N.10 Asahan,0.361
2022-01-01,Melaka,P.135 Alor Gajah,N.10 Asahan,0.304
2024-01-01,Melaka,P.135 Alor Gajah,N.10 Asahan,0.334
2019-01-01,Melaka,P.136 Tangga Batu,N.11 Sungai Udang,0.327
2022-01-01,Melaka,P.136 Tangga Batu,N.11 Sungai Udang,0.304
2024-01-01,Melaka,P.136 Tangga Batu,N.11 Sungai Udang,0.275
2019-01-01,Melaka,P.136 Tangga Batu,N.12 Pantai Kundor,0.422
2022-01-01,Melaka,P.136 Tangga Batu,N.12 Pantai Kundor,0.34
2024-01-01,Melaka,P.136 Tangga Batu,N.12 Pantai Kundor,0.298
2019-01-01,Melaka,P.136 Tangga Batu,N.13 Paya Rumput,0.374
2022-01-01,Melaka,P.136 Tangga Batu,N.13 Paya Rumput,0.341
2024-01-01,Melaka,P.136 Tangga Batu,N.13 Paya Rumput,0.301
2019-01-01,Melaka,P.136 Tangga Batu,N.14 Kelebang,0.332
2022-01-01,Melaka,P.136 Tangga Batu,N.14 Kelebang,0.275
2024-01-01,Melaka,P.136 Tangga Batu,N.14 Kelebang,0.369
2019-01-01,Melaka,P.137 Hang Tuah Jaya,N.15 Pengkalan Batu,0.352
2022-01-01,Melaka,P.137 Hang Tuah Jaya,N.15 Pengkalan Batu,0.42
2024-01-01,Melaka,P.137 Hang Tuah Jaya,N.15 Pengkalan Batu,0.326
2019-01-01,Melaka,P.137 Hang Tuah Jaya,N.16 Ayer Keroh,0.385
2022-01-01,Melaka,P.137 Hang Tuah Jaya,N.16 Ayer Keroh,0.324
2024-01-01,Melaka,P.137 Hang Tuah Jaya,N.16 Ayer Keroh,0.366
2019-01-01,Melaka,P.137 Hang Tuah Jaya,N.17 Bukit Katil,0.451
2022-01-01,Melaka,P.137 Hang Tuah Jaya,N.17 Bukit Katil,0.319
2024-01-01,Melaka,P.137 Hang Tuah Jaya,N.17 Bukit Katil,0.291
2019-01-01,Melaka,P.137 Hang Tuah Jaya,N.18 Ayer Molek,0.395
2022-01-01,Melaka,P.137 Hang Tuah Jaya,N.18 Ayer Molek,0.365
2024-01-01,Melaka,P.137 Hang Tuah Jaya,N.18 Ayer Molek,0.346
2019-01-01,Melaka,P.138 Kota Melaka,N.19 Kesidang,0.352
2022-01-01,Melaka,P.138 Kota Melaka,N.19 Kesidang,0.407
2024-01-01,Melaka,P.138 Kota Melaka,N.19 Kesidang,0.377
2019-01-01,Melaka,P.138 Kota Melaka,N.20 Kota Laksamana,0.409
2022-01-01,Melaka,P.138 Kota Melaka,N.20 Kota Laksamana,0.351
2024-01-01,Melaka,P.138 Kota Melaka,N.20 Kota Laksamana,0.316
2019-01-01,Melaka,P.138 Kota Melaka,N.21 Duyong,0.368
2022-01-01,Melaka,P.138 Kota Melaka,N.21 Duyong,0.424
2024-01-01,Melaka,P.138 Kota Melaka,N.21 Duyong,0.319
2019-01-01,Melaka,P.138 Kota Melaka,N.22 Bandar Hilir,0.296
2022-01-01,Melaka,P.138 Kota Melaka,N.22 Bandar Hilir,0.303
2024-01-01,Melaka,P.138 Kota Melaka,N.22 Bandar Hilir,0.336
2019-01-01,Melaka,P.138 Kota Melaka,N.23 Telok Mas,0.46
2022-01-01,Melaka,P.138 Kota Melaka,N.23 Telok Mas,0.491
2024-01-01,Melaka,P.138 Kota Melaka,N.23 Telok Mas,0.269
2019-01-01,Melaka,P.139 Jasin,N.24 Bemban,0.362
2022-01-01,Melaka,P.139 Jasin,N.24 Bemban,0.309
2024-01-01,Melaka,P.139 Jasin,N.24 Bemban,0.295
2019-01-01,Melaka,P.139 Jasin,N.25 Rim,0.388
2022-01-01,Melaka,P.139 Jasin,N.25 Rim,0.332
2024-01-01,Melaka,P.139 Jasin,N.25 Rim,0.294
2019-01-01,Melaka,P.139 Jasin,N.26 Serkam,0.323
2022-01-01,Melaka,P.139 Jasin,N.26 Serkam,0.374
2024-01-01,Melaka,P.139 Jasin,N.26 Serkam,0.345
2019-01-01,Melaka,P.139 Jasin,N.27 Merlimau,0.428
2022-01-01,Melaka,P.139 Jasin,N.27 Merlimau,0.29
2024-01-01,Melaka,P.139 Jasin,N.27 Merlimau,0.192
2019-01-01,Melaka,P.139 Jasin,N.28 Sungai Rambai,0.318
2022-01-01,Melaka,P.139 Jasin,N.28 Sungai Rambai,0.333
2024-01-01,Melaka,P.139 Jasin,N.28 Sungai Rambai,0.21
2019-01-01,Johor,P.140 Segamat,N.01 Buloh Kasap,0.304
2022-01-01,Johor,P.140 Segamat,N.01 Buloh Kasap,0.356
2024-01-01,Johor,P.140 Segamat,N.01 Buloh Kasap,0.299
2019-01-01,Johor,P.140 Segamat,N.02 Jementah,0.326
2022-01-01,Johor,P.140 Segamat,N.02 Jementah,0.348
2024-01-01,Johor,P.140 Segamat,N.02 Jementah,0.278
2019-01-01,Johor,P.141 Sekijang,N.03 Pemanis,0.344
2022-01-01,Johor,P.141 Sekijang,N.03 Pemanis,0.28
2024-01-01,Johor,P.141 Sekijang,N.03 Pemanis,0.25
2019-01-01,Johor,P.141 Sekijang,N.04 Kemelah,0.321
2022-01-01,Johor,P.141 Sekijang,N.04 Kemelah,0.35
2024-01-01,Johor,P.141 Sekijang,N.04 Kemelah,0.258
2019-01-01,Johor,P.142 Labis,N.05 Tenang,0.246
2022-01-01,Johor,P.142 Labis,N.05 Tenang,0.283
2024-01-01,Johor,P.142 Labis,N.05 Tenang,0.217
2019-01-01,Johor,P.142 Labis,N.06 Bekok,0.298
2022-01-01,Johor,P.142 Labis,N.06 Bekok,0.346
2024-01-01,Johor,P.142 Labis,N.06 Bekok,0.345
2019-01-01,Johor,P.143 Pagoh,N.07 Bukit Kepong,0.324
2022-01-01,Johor,P.143 Pagoh,N.07 Bukit Kepong,0.361
2024-01-01,Johor,P.143 Pagoh,N.07 Bukit Kepong,0.246
2019-01-01,Johor,P.143 Pagoh,N.08 Bukit Pasir,0.291
2022-01-01,Johor,P.143 Pagoh,N.08 Bukit Pasir,0.339
2024-01-01,Johor,P.143 Pagoh,N.08 Bukit Pasir,0.294
2019-01-01,Johor,P.144 Ledang,N.09 Gambir,0.32
2022-01-01,Johor,P.144 Ledang,N.09 Gambir,0.383
2024-01-01,Johor,P.144 Ledang,N.09 Gambir,0.36
2019-01-01,Johor,P.144 Ledang,N.10 Tangkak,0.31
2022-01-01,Johor,P.144 Ledang,N.10 Tangkak,0.362
2024-01-01,Johor,P.144 Ledang,N.10 Tangkak,0.31
2019-01-01,Johor,P.144 Ledang,N.11 Serom,0.31
2022-01-01,Johor,P.144 Ledang,N.11 Serom,0.357
2024-01-01,Johor,P.144 Ledang,N.11 Serom,0.284
2019-01-01,Johor,P.145 Bakri,N.12 Bentayan,0.377
2022-01-01,Johor,P.145 Bakri,N.12 Bentayan,0.418
2024-01-01,Johor,P.145 Bakri,N.12 Bentayan,0.306
2019-01-01,Johor,P.145 Bakri,N.13 Simpang Jeram,0.373
2022-01-01,Johor,P.145 Bakri,N.13 Simpang Jeram,0.402
2024-01-01,Johor,P.145 Bakri,N.13 Simpang Jeram,0.305
2019-01-01,Johor,P.145 Bakri,N.14 Bukit Naning,0.373
2022-01-01,Johor,P.145 Bakri,N.14 Bukit Naning,0.414
2024-01-01,Johor,P.145 Bakri,N.14 Bukit Naning,0.357
2019-01-01,Johor,P.146 Muar,N.15 Maharani,0.376
2022-01-01,Johor,P.146 Muar,N.15 Maharani,0.374
2024-01-01,Johor,P.146 Muar,N.15 Maharani,0.264
2019-01-01,Johor,P.146 Muar,N.16 Sungai Balang,0.28
2022-01-01,Johor,P.146 Muar,N.16 Sungai Balang,0.32
2024-01-01,Johor,P.146 Muar,N.16 Sungai Balang,0.302
2019-01-01,Johor,P.147 Parit Sulong,N.17 Semerah,0.275
2022-01-01,Johor,P.147 Parit Sulong,N.17 Semerah,0.35
2024-01-01,Johor,P.147 Parit Sulong,N.17 Semerah,0.247
2019-01-01,Johor,P.147 Parit Sulong,N.18 Sri Medan,0.31
2022-01-01,Johor,P.147 Parit Sulong,N.18 Sri Medan,0.31
2024-01-01,Johor,P.147 Parit Sulong,N.18 Sri Medan,0.324
2019-01-01,Johor,P.148 Ayer Hitam,N.19 Yong Peng,0.232
2022-01-01,Johor,P.148 Ayer Hitam,N.19 Yong Peng,0.343
2024-01-01,Johor,P.148 Ayer Hitam,N.19 Yong Peng,0.27
2019-01-01,Johor,P.148 Ayer Hitam,N.20 Semarang,0.255
2022-01-01,Johor,P.148 Ayer Hitam,N.20 Semarang,0.256
2024-01-01,Johor,P.148 Ayer Hitam,N.20 Semarang,0.238
2019-01-01,Johor,P.149 Sri Gading,N.21 Parit Yaani,0.338
2022-01-01,Johor,P.149 Sri Gading,N.21 Parit Yaani,0.321
2024-01-01,Johor,P.149 Sri Gading,N.21 Parit Yaani,0.358
2019-01-01,Johor,P.149 Sri Gading,N.22 Parit Raja,0.285
2022-01-01,Johor,P.149 Sri Gading,N.22 Parit Raja,0.319
2024-01-01,Johor,P.149 Sri Gading,N.22 Parit Raja,0.309
2019-01-01,Johor,P.150 Batu Pahat,N.23 Penggaram,0.285
2022-01-01,Johor,P.150 Batu Pahat,N.23 Penggaram,0.361
2024-01-01,Johor,P.150 Batu Pahat,N.23 Penggaram,0.342
2019-01-01,Johor,P.150 Batu Pahat,N.24 Senggarang,0.326
2022-01-01,Johor,P.150 Batu Pahat,N.24 Senggarang,0.31
2024-01-01,Johor,P.150 Batu Pahat,N.24 Senggarang,0.307
2019-01-01,Johor,P.150 Batu Pahat,N.25 Rengit,0.303
2022-01-01,Johor,P.150 Batu Pahat,N.25 Rengit,0.339
2024-01-01,Johor,P.150 Batu Pahat,N.25 Rengit,0.26
2019-01-01,Johor,P.151 Simpang Renggam,N.26 Machap,0.355
2022-01-01,Johor,P.151 Simpang Renggam,N.26 Machap,0.309
2024-01-01,Johor,P.151 Simpang Renggam,N.26 Machap,0.285
2019-01-01,Johor,P.151 Simpang Renggam,N.27 Layang-Layang,0.33
2022-01-01,Johor,P.151 Simpang Renggam,N.27 Layang-Layang,0.303
2024-01-01,Johor,P.151 Simpang Renggam,N.27 Layang-Layang,0.283
2019-01-01,Johor,P.152 Kluang,N.28 Mengkibol,0.319
2022-01-01,Johor,P.152 Kluang,N.28 Mengkibol,0.359
2024-01-01,Johor,P.152 Kluang,N.28 Mengkibol,0.293
2019-01-01,Johor,P.152 Kluang,N.29 Mahkota,0.334
2022-01-01,Johor,P.152 Kluang,N.29 Mahkota,0.386
2024-01-01,Johor,P.152 Kluang,N.29 Mahkota,0.276
2019-01-01,Johor,P.153 Sembrong,N.30 Paloh,0.282
2022-01-01,Johor,P.153 Sembrong,N.30 Paloh,0.286
2024-01-01,Johor,P.153 Sembrong,N.30 Paloh,0.285
2019-01-01,Johor,P.153 Sembrong,N.31 Kahang,0.313
2022-01-01,Johor,P.153 Sembrong,N.31 Kahang,0.327
2024-01-01,Johor,P.153 Sembrong,N.31 Kahang,0.291
2019-01-01,Johor,P.154 Mersing,N.32 Endau,0.343
2022-01-01,Johor,P.154 Mersing,N.32 Endau,0.355
2024-01-01,Johor,P.154 Mersing,N.32 Endau,0.278
2019-01-01,Johor,P.154 Mersing,N.33 Tenggaroh,0.376
2022-01-01,Johor,P.154 Mersing,N.33 Tenggaroh,0.324
2024-01-01,Johor,P.154 Mersing,N.33 Tenggaroh,0.238
2019-01-01,Johor,P.155 Tenggara,N.34 Panti,0.357
2022-01-01,Johor,P.155 Tenggara,N.34 Panti,0.346
2024-01-01,Johor,P.155 Tenggara,N.34 Panti,0.306
2019-01-01,Johor,P.155 Tenggara,N.35 Pasir Raja,0.357
2022-01-01,Johor,P.155 Tenggara,N.35 Pasir Raja,0.383
2024-01-01,Johor,P.155 Tenggara,N.35 Pasir Raja,0.368
2019-01-01,Johor,P.156 Kota Tinggi,N.36 Sedili,0.324
2022-01-01,Johor,P.156 Kota Tinggi,N.36 Sedili,0.34
2024-01-01,Johor,P.156 Kota Tinggi,N.36 Sedili,0.309
2019-01-01,Johor,P.156 Kota Tinggi,N.37 Johor Lama,0.291
2022-01-01,Johor,P.156 Kota Tinggi,N.37 Johor Lama,0.307
2024-01-01,Johor,P.156 Kota Tinggi,N.37 Johor Lama,0.283
2019-01-01,Johor,P.157 Pengerang,N.38 Penawar,0.352
2022-01-01,Johor,P.157 Pengerang,N.38 Penawar,0.332
2024-01-01,Johor,P.157 Pengerang,N.38 Penawar,0.341
2019-01-01,Johor,P.157 Pengerang,N.39 Tanjung Surat,0.357
2022-01-01,Johor,P.157 Pengerang,N.39 Tanjung Surat,0.292
2024-01-01,Johor,P.157 Pengerang,N.39 Tanjung Surat,0.555
2019-01-01,Johor,P.158 Tebrau,N.40 Tiram,0.298
2022-01-01,Johor,P.158 Tebrau,N.40 Tiram,0.331
2024-01-01,Johor,P.158 Tebrau,N.40 Tiram,0.298
2019-01-01,Johor,P.158 Tebrau,N.41 Puteri Wangsa,0.365
2022-01-01,Johor,P.158 Tebrau,N.41 Puteri Wangsa,0.366
2024-01-01,Johor,P.158 Tebrau,N.41 Puteri Wangsa,0.332
2019-01-01,Johor,P.159 Pasir Gudang,N.42 Johor Jaya,0.406
2022-01-01,Johor,P.159 Pasir Gudang,N.42 Johor Jaya,0.369
2024-01-01,Johor,P.159 Pasir Gudang,N.42 Johor Jaya,0.391
2019-01-01,Johor,P.159 Pasir Gudang,N.43 Permas,0.348
2022-01-01,Johor,P.159 Pasir Gudang,N.43 Permas,0.383
2024-01-01,Johor,P.159 Pasir Gudang,N.43 Permas,0.403
2019-01-01,Johor,P.160 Johor Bahru,N.44 Larkin,0.456
2022-01-01,Johor,P.160 Johor Bahru,N.44 Larkin,0.405
2024-01-01,Johor,P.160 Johor Bahru,N.44 Larkin,0.317
2019-01-01,Johor,P.160 Johor Bahru,N.45 Stulang,0.447
2022-01-01,Johor,P.160 Johor Bahru,N.45 Stulang,0.355
2024-01-01,Johor,P.160 Johor Bahru,N.45 Stulang,0.343
2019-01-01,Johor,P.161 Pulai,N.46 Perling,0.328
2022-01-01,Johor,P.161 Pulai,N.46 Perling,0.359
2024-01-01,Johor,P.161 Pulai,N.46 Perling,0.371
2019-01-01,Johor,P.161 Pulai,N.47 Kempas,0.293
2022-01-01,Johor,P.161 Pulai,N.47 Kempas,0.371
2024-01-01,Johor,P.161 Pulai,N.47 Kempas,0.313
2019-01-01,Johor,P.162 Iskandar Puteri,N.48 Skudai,0.416
2022-01-01,Johor,P.162 Iskandar Puteri,N.48 Skudai,0.299
2024-01-01,Johor,P.162 Iskandar Puteri,N.48 Skudai,0.322
2019-01-01,Johor,P.162 Iskandar Puteri,N.49 Kota Iskandar,0.368
2022-01-01,Johor,P.162 Iskandar Puteri,N.49 Kota Iskandar,0.303
2024-01-01,Johor,P.162 Iskandar Puteri,N.49 Kota Iskandar,0.301
2019-01-01,Johor,P.163 Kulai,N.50 Bukit Permai,0.37
2022-01-01,Johor,P.163 Kulai,N.50 Bukit Permai,0.311
2024-01-01,Johor,P.163 Kulai,N.50 Bukit Permai,0.315
2019-01-01,Johor,P.163 Kulai,N.51 Bukit Batu,0.363
2022-01-01,Johor,P.163 Kulai,N.51 Bukit Batu,0.326
2024-01-01,Johor,P.163 Kulai,N.51 Bukit Batu,0.277
2019-01-01,Johor,P.163 Kulai,N.52 Senai,0.278
2022-01-01,Johor,P.163 Kulai,N.52 Senai,0.373
2024-01-01,Johor,P.163 Kulai,N.52 Senai,0.34
2019-01-01,Johor,P.164 Pontian,N.53 Benut,0.319
2022-01-01,Johor,P.164 Pontian,N.53 Benut,0.403
2024-01-01,Johor,P.164 Pontian,N.53 Benut,0.328
2019-01-01,Johor,P.164 Pontian,N.54 Pulai Sebatang,0.332
2022-01-01,Johor,P.164 Pontian,N.54 Pulai Sebatang,0.334
2024-01-01,Johor,P.164 Pontian,N.54 Pulai Sebatang,0.344
2019-01-01,Johor,P.165 Tanjung Piai,N.55 Pekan Nanas,0.356
2022-01-01,Johor,P.165 Tanjung Piai,N.55 Pekan Nanas,0.303
2024-01-01,Johor,P.165 Tanjung Piai,N.55 Pekan Nanas,0.31
2019-01-01,Johor,P.165 Tanjung Piai,N.56 Kukup,0.37
2022-01-01,Johor,P.165 Tanjung Piai,N.56 Kukup,0.432
2024-01-01,Johor,P.165 Tanjung Piai,N.56 Kukup,0.338
2019-01-01,Sabah,P.167 Kudat,N.01 Banggi,0.299
2022-01-01,Sabah,P.167 Kudat,N.01 Banggi,0.297
2024-01-01,Sabah,P.167 Kudat,N.01 Banggi,0.246
2019-01-01,Sabah,P.167 Kudat,N.02 Bengkoka,0.299
2022-01-01,Sabah,P.167 Kudat,N.02 Bengkoka,0.254
2024-01-01,Sabah,P.167 Kudat,N.02 Bengkoka,0.304
2019-01-01,Sabah,P.167 Kudat,N.03 Pitas,0.468
2022-01-01,Sabah,P.167 Kudat,N.03 Pitas,0.433
2024-01-01,Sabah,P.167 Kudat,N.03 Pitas,0.43
2019-01-01,Sabah,P.167 Kudat,N.04 Tanjong Kapor,0.418
2022-01-01,Sabah,P.167 Kudat,N.04 Tanjong Kapor,0.361
2024-01-01,Sabah,P.167 Kudat,N.04 Tanjong Kapor,0.361
2019-01-01,Sabah,P.168 Kota Marudu,N.05 Matunggong,0.421
2022-01-01,Sabah,P.168 Kota Marudu,N.05 Matunggong,0.363
2024-01-01,Sabah,P.168 Kota Marudu,N.05 Matunggong,0.431
2019-01-01,Sabah,P.168 Kota Marudu,N.06 Bandau,0.391
2022-01-01,Sabah,P.168 Kota Marudu,N.06 Bandau,0.413
2024-01-01,Sabah,P.168 Kota Marudu,N.06 Bandau,0.405
2019-01-01,Sabah,P.168 Kota Marudu,N.07 Tandek,0.436
2022-01-01,Sabah,P.168 Kota Marudu,N.07 Tandek,0.418
2024-01-01,Sabah,P.168 Kota Marudu,N.07 Tandek,0.435
2019-01-01,Sabah,P.169 Kota Belud,N.08 Pintasan,0.443
2022-01-01,Sabah,P.169 Kota Belud,N.08 Pintasan,0.466
2024-01-01,Sabah,P.169 Kota Belud,N.08 Pintasan,0.352
2019-01-01,Sabah,P.169 Kota Belud,N.09 Tempasuk,0.381
2022-01-01,Sabah,P.169 Kota Belud,N.09 Tempasuk,0.378
2024-01-01,Sabah,P.169 Kota Belud,N.09 Tempasuk,0.434
2019-01-01,Sabah,P.169 Kota Belud,N.10 Usukan,0.394
2022-01-01,Sabah,P.169 Kota Belud,N.10 Usukan,0.425
2024-01-01,Sabah,P.169 Kota Belud,N.10 Usukan,0.321
2019-01-01,Sabah,P.169 Kota Belud,N.11 Kadamaian,0.407
2022-01-01,Sabah,P.169 Kota Belud,N.11 Kadamaian,0.387
2024-01-01,Sabah,P.169 Kota Belud,N.11 Kadamaian,0.326
2019-01-01,Sabah,P.170 Tuaran,N.12 Sulaman,0.407
2022-01-01,Sabah,P.170 Tuaran,N.12 Sulaman,0.385
2024-01-01,Sabah,P.170 Tuaran,N.12 Sulaman,0.351
2019-01-01,Sabah,P.170 Tuaran,N.13 Pantai Dalit,0.316
2022-01-01,Sabah,P.170 Tuaran,N.13 Pantai Dalit,0.334
2024-01-01,Sabah,P.170 Tuaran,N.13 Pantai Dalit,0.313
2019-01-01,Sabah,P.170 Tuaran,N.14 Tamparuli,0.405
2022-01-01,Sabah,P.170 Tuaran,N.14 Tamparuli,0.408
2024-01-01,Sabah,P.170 Tuaran,N.14 Tamparuli,0.366
2019-01-01,Sabah,P.170 Tuaran,N.15 Kiulu,0.361
2022-01-01,Sabah,P.170 Tuaran,N.15 Kiulu,0.323
2024-01-01,Sabah,P.170 Tuaran,N.15 Kiulu,0.33
2019-01-01,Sabah,P.171 Sepanggar,N.16 Karambunai,0.369
2022-01-01,Sabah,P.171 Sepanggar,N.16 Karambunai,0.388
2024-01-01,Sabah,P.171 Sepanggar,N.16 Karambunai,0.404
2019-01-01,Sabah,P.171 Sepanggar,N.17 Darau,0.374
2022-01-01,Sabah,P.171 Sepanggar,N.17 Darau,0.358
2024-01-01,Sabah,P.171 Sepanggar,N.17 Darau,0.357
2019-01-01,Sabah,P.171 Sepanggar,N.18 Inanam,0.406
2022-01-01,Sabah,P.171 Sepanggar,N.18 Inanam,0.34
2024-01-01,Sabah,P.171 Sepanggar,N.18 Inanam,0.384
2019-01-01,Sabah,P.172 Kota Kinabalu,N.19 Likas,0.335
2022-01-01,Sabah,P.172 Kota Kinabalu,N.19 Likas,0.458
2024-01-01,Sabah,P.172 Kota Kinabalu,N.19 Likas,0.463
2019-01-01,Sabah,P.172 Kota Kinabalu,N.20 Api-Api,0.38
2022-01-01,Sabah,P.172 Kota Kinabalu,N.20 Api-Api,0.375
2024-01-01,Sabah,P.172 Kota Kinabalu,N.20 Api-Api,0.232
2019-01-01,Sabah,P.172 Kota Kinabalu,N.21 Luyang,0.347
2022-01-01,Sabah,P.172 Kota Kinabalu,N.21 Luyang,0.443
2024-01-01,Sabah,P.172 Kota Kinabalu,N.21 Luyang,0.363
2019-01-01,Sabah,P.173 Putatan,N.22 Tanjung Aru,0.461
2022-01-01,Sabah,P.173 Putatan,N.22 Tanjung Aru,0.625
2024-01-01,Sabah,P.173 Putatan,N.22 Tanjung Aru,0.42
2019-01-01,Sabah,P.173 Putatan,N.23 Petagas,0.372
2022-01-01,Sabah,P.173 Putatan,N.23 Petagas,0.372
2024-01-01,Sabah,P.173 Putatan,N.23 Petagas,0.277
2019-01-01,Sabah,P.173 Putatan,N.24 Tanjung Keramat,0.32
2022-01-01,Sabah,P.173 Putatan,N.24 Tanjung Keramat,0.332
2024-01-01,Sabah,P.173 Putatan,N.24 Tanjung Keramat,0.258
2019-01-01,Sabah,P.174 Penampang,N.25 Kapayan,0.325
2022-01-01,Sabah,P.174 Penampang,N.25 Kapayan,0.341
2024-01-01,Sabah,P.174 Penampang,N.25 Kapayan,0.366
2019-01-01,Sabah,P.174 Penampang,N.26 Moyog,0.32
2022-01-01,Sabah,P.174 Penampang,N.26 Moyog,0.34
2024-01-01,Sabah,P.174 Penampang,N.26 Moyog,0.331
2019-01-01,Sabah,P.175 Papar,N.27 Limbahau,0.38
2022-01-01,Sabah,P.175 Papar,N.27 Limbahau,0.359
2024-01-01,Sabah,P.175 Papar,N.27 Limbahau,0.339
2019-01-01,Sabah,P.175 Papar,N.28 Kawang,0.339
2022-01-01,Sabah,P.175 Papar,N.28 Kawang,0.314
2024-01-01,Sabah,P.175 Papar,N.28 Kawang,0.328
2019-01-01,Sabah,P.175 Papar,N.29 Pantai Manis,0.351
2022-01-01,Sabah,P.175 Papar,N.29 Pantai Manis,0.315
2024-01-01,Sabah,P.175 Papar,N.29 Pantai Manis,0.289
2019-01-01,Sabah,P.176 Kimanis,N.30 Bongawan,0.381
2022-01-01,Sabah,P.176 Kimanis,N.30 Bongawan,0.348
2024-01-01,Sabah,P.176 Kimanis,N.30 Bongawan,0.42
2019-01-01,Sabah,P.176 Kimanis,N.31 Membakut,0.402
2022-01-01,Sabah,P.176 Kimanis,N.31 Membakut,0.281
2024-01-01,Sabah,P.176 Kimanis,N.31 Membakut,0.496
2019-01-01,Sabah,P.177 Beaufort,N.32 Klias,0.359
2022-01-01,Sabah,P.177 Beaufort,N.32 Klias,0.354
2024-01-01,Sabah,P.177 Beaufort,N.32 Klias,0.374
2019-01-01,Sabah,P.177 Beaufort,N.33 Kuala Penyu,0.377
2022-01-01,Sabah,P.177 Beaufort,N.33 Kuala Penyu,0.324
2024-01-01,Sabah,P.177 Beaufort,N.33 Kuala Penyu,0.375
2019-01-01,Sabah,P.178 Sipitang,N.34 Lumadan,0.324
2022-01-01,Sabah,P.178 Sipitang,N.34 Lumadan,0.332
2024-01-01,Sabah,P.178 Sipitang,N.34 Lumadan,0.338
2019-01-01,Sabah,P.178 Sipitang,N.35 Sindumin,0.347
2022-01-01,Sabah,P.178 Sipitang,N.35 Sindumin,0.36
2024-01-01,Sabah,P.178 Sipitang,N.35 Sindumin,0.306
2019-01-01,Sabah,P.179 Ranau,N.36 Kundasang,0.43
2022-01-01,Sabah,P.179 Ranau,N.36 Kundasang,0.419
2024-01-01,Sabah,P.179 Ranau,N.36 Kundasang,0.287
2019-01-01,Sabah,P.179 Ranau,N.37 Karanaan,0.369
2022-01-01,Sabah,P.179 Ranau,N.37 Karanaan,0.371
2024-01-01,Sabah,P.179 Ranau,N.37 Karanaan,0.456
2019-01-01,Sabah,P.179 Ranau,N.38 Paginatan,0.365
2022-01-01,Sabah,P.179 Ranau,N.38 Paginatan,0.332
2024-01-01,Sabah,P.179 Ranau,N.38 Paginatan,0.367
2019-01-01,Sabah,P.180 Keningau,N.39 Tambunan,0.378
2022-01-01,Sabah,P.180 Keningau,N.39 Tambunan,0.337
2024-01-01,Sabah,P.180 Keningau,N.39 Tambunan,0.3
2019-01-01,Sabah,P.180 Keningau,N.40 Bingkor,0.386
2022-01-01,Sabah,P.180 Keningau,N.40 Bingkor,0.344
2024-01-01,Sabah,P.180 Keningau,N.40 Bingkor,0.287
2019-01-01,Sabah,P.180 Keningau,N.41 Liawan,0.37
2022-01-01,Sabah,P.180 Keningau,N.41 Liawan,0.374
2024-01-01,Sabah,P.180 Keningau,N.41 Liawan,0.34
2019-01-01,Sabah,P.181 Tenom,N.42 Melalap,0.361
2022-01-01,Sabah,P.181 Tenom,N.42 Melalap,0.324
2024-01-01,Sabah,P.181 Tenom,N.42 Melalap,0.331
2019-01-01,Sabah,P.181 Tenom,N.43 Kemabong,0.284
2022-01-01,Sabah,P.181 Tenom,N.43 Kemabong,0.341
2024-01-01,Sabah,P.181 Tenom,N.43 Kemabong,0.325
2019-01-01,Sabah,P.182 Pensiangan,N.44 Tulid,0.346
2022-01-01,Sabah,P.182 Pensiangan,N.44 Tulid,0.359
2024-01-01,Sabah,P.182 Pensiangan,N.44 Tulid,0.32
2019-01-01,Sabah,P.182 Pensiangan,N.45 Sook,0.264
2022-01-01,Sabah,P.182 Pensiangan,N.45 Sook,0.267
2024-01-01,Sabah,P.182 Pensiangan,N.45 Sook,0.314
2019-01-01,Sabah,P.182 Pensiangan,N.46 Nabawan,0.298
2022-01-01,Sabah,P.182 Pensiangan,N.46 Nabawan,0.306
2024-01-01,Sabah,P.182 Pensiangan,N.46 Nabawan,0.313
2019-01-01,Sabah,P.183 Beluran,N.47 Telupid,0.416
2022-01-01,Sabah,P.183 Beluran,N.47 Telupid,0.329
2024-01-01,Sabah,P.183 Beluran,N.47 Telupid,0.275
2019-01-01,Sabah,P.183 Beluran,N.48 Sugut,0.367
2022-01-01,Sabah,P.183 Beluran,N.48 Sugut,0.412
2024-01-01,Sabah,P.183 Beluran,N.48 Sugut,0.365
2019-01-01,Sabah,P.183 Beluran,N.49 Labuk,0.407
2022-01-01,Sabah,P.183 Beluran,N.49 Labuk,0.391
2024-01-01,Sabah,P.183 Beluran,N.49 Labuk,0.26
2019-01-01,Sabah,P.184 Libaran,N.50 Gum-Gum,0.382
2022-01-01,Sabah,P.184 Libaran,N.50 Gum-Gum,0.301
2024-01-01,Sabah,P.184 Libaran,N.50 Gum-Gum,0.356
2019-01-01,Sabah,P.184 Libaran,N.51 Sungai Manila,0.384
2022-01-01,Sabah,P.184 Libaran,N.51 Sungai Manila,0.269
2024-01-01,Sabah,P.184 Libaran,N.51 Sungai Manila,0.263
2019-01-01,Sabah,P.184 Libaran,N.52 Sungai Sibuga,0.343
2022-01-01,Sabah,P.184 Libaran,N.52 Sungai Sibuga,0.307
2024-01-01,Sabah,P.184 Libaran,N.52 Sungai Sibuga,0.333
2019-01-01,Sabah,P.185 Batu Sapi,N.53 Sekong,0.383
2022-01-01,Sabah,P.185 Batu Sapi,N.53 Sekong,0.371
2024-01-01,Sabah,P.185 Batu Sapi,N.53 Sekong,0.339
2019-01-01,Sabah,P.185 Batu Sapi,N.54 Karamunting,0.331
2022-01-01,Sabah,P.185 Batu Sapi,N.54 Karamunting,0.337
2024-01-01,Sabah,P.185 Batu Sapi,N.54 Karamunting,0.382
2019-01-01,Sabah,P.186 Sandakan,N.55 Elopura,0.411
2022-01-01,Sabah,P.186 Sandakan,N.55 Elopura,0.367
2024-01-01,Sabah,P.186 Sandakan,N.55 Elopura,0.365
2019-01-01,Sabah,P.186 Sandakan,N.56 Tanjong Papat,0.33
2022-01-01,Sabah,P.186 Sandakan,N.56 Tanjong Papat,0.354
2024-01-01,Sabah,P.186 Sandakan,N.56 Tanjong Papat,0.282
2019-01-01,Sabah,P.187 Kinabatangan,N.57 Kuamut,0.386
2022-01-01,Sabah,P.187 Kinabatangan,N.57 Kuamut,0.353
2024-01-01,Sabah,P.187 Kinabatangan,N.57 Kuamut,0.333
2019-01-01,Sabah,P.187 Kinabatangan,N.58 Lamag,0.368
2022-01-01,Sabah,P.187 Kinabatangan,N.58 Lamag,0.368
2024-01-01,Sabah,P.187 Kinabatangan,N.58 Lamag,0.283
2019-01-01,Sabah,P.187 Kinabatangan,N.59 Sukau,0.372
2022-01-01,Sabah,P.187 Kinabatangan,N.59 Sukau,0.393
2024-01-01,Sabah,P.187 Kinabatangan,N.59 Sukau,0.312
2019-01-01,Sabah,P.188 Lahad Datu,N.60 Tungku,0.368
2022-01-01,Sabah,P.188 Lahad Datu,N.60 Tungku,0.306
2024-01-01,Sabah,P.188 Lahad Datu,N.60 Tungku,0.241
2019-01-01,Sabah,P.188 Lahad Datu,N.61 Segama,0.394
2022-01-01,Sabah,P.188 Lahad Datu,N.61 Segama,0.425
2024-01-01,Sabah,P.188 Lahad Datu,N.61 Segama,0.311
2019-01-01,Sabah,P.188 Lahad Datu,N.62 Silam,0.339
2022-01-01,Sabah,P.188 Lahad Datu,N.62 Silam,0.359
2024-01-01,Sabah,P.188 Lahad Datu,N.62 Silam,0.263
2019-01-01,Sabah,P.188 Lahad Datu,N.63 Kunak,0.385
2022-01-01,Sabah,P.188 Lahad Datu,N.63 Kunak,0.352
2024-01-01,Sabah,P.188 Lahad Datu,N.63 Kunak,0.484
2019-01-01,Sabah,P.189 Semporna,N.64 Sulabayan,0.276
2022-01-01,Sabah,P.189 Semporna,N.64 Sulabayan,0.266
2024-01-01,Sabah,P.189 Semporna,N.64 Sulabayan,0.303
2019-01-01,Sabah,P.189 Semporna,N.65 Senallang,0.515
2022-01-01,Sabah,P.189 Semporna,N.65 Senallang,0.355
2024-01-01,Sabah,P.189 Semporna,N.65 Senallang,0.444
2019-01-01,Sabah,P.189 Semporna,N.66 Bugaya,0.407
2022-01-01,Sabah,P.189 Semporna,N.66 Bugaya,0.315
2024-01-01,Sabah,P.189 Semporna,N.66 Bugaya,0.388
2019-01-01,Sabah,P.190 Tawau,N.67 Balung,0.327
2022-01-01,Sabah,P.190 Tawau,N.67 Balung,0.332
2024-01-01,Sabah,P.190 Tawau,N.67 Balung,0.329
2019-01-01,Sabah,P.190 Tawau,N.68 Apas,0.33
2022-01-01,Sabah,P.190 Tawau,N.68 Apas,0.364
2024-01-01,Sabah,P.190 Tawau,N.68 Apas,0.345
2019-01-01,Sabah,P.190 Tawau,N.69 Sri Tanjong,0.4
2022-01-01,Sabah,P.190 Tawau,N.69 Sri Tanjong,0.42
2024-01-01,Sabah,P.190 Tawau,N.69 Sri Tanjong,0.442
2019-01-01,Sabah,P.191 Kalabakan,N.70 Kukusan,0.397
2022-01-01,Sabah,P.191 Kalabakan,N.70 Kukusan,0.447
2024-01-01,Sabah,P.191 Kalabakan,N.70 Kukusan,0.377
2019-01-01,Sabah,P.191 Kalabakan,N.71 Tanjung Batu,0.346
2022-01-01,Sabah,P.191 Kalabakan,N.71 Tanjung Batu,0.33
2024-01-01,Sabah,P.191 Kalabakan,N.71 Tanjung Batu,0.31
2019-01-01,Sabah,P.191 Kalabakan,N.72 Merotai,0.359
2022-01-01,Sabah,P.191 Kalabakan,N.72 Merotai,0.347
2024-01-01,Sabah,P.191 Kalabakan,N.72 Merotai,0.412
2019-01-01,Sabah,P.191 Kalabakan,N.73 Sebatik,0.294
2022-01-01,Sabah,P.191 Kalabakan,N.73 Sebatik,0.349
2024-01-01,Sabah,P.191 Kalabakan,N.73 Sebatik,0.374
2019-01-01,Sarawak,P.192 Mas Gading,N.01 Opar,0.307
2022-01-01,Sarawak,P.192 Mas Gading,N.01 Opar,0.352
2024-01-01,Sarawak,P.192 Mas Gading,N.01 Opar,0.325
2019-01-01,Sarawak,P.192 Mas Gading,N.02 Tasik Biru,0.351
2022-01-01,Sarawak,P.192 Mas Gading,N.02 Tasik Biru,0.319
2024-01-01,Sarawak,P.192 Mas Gading,N.02 Tasik Biru,0.322
2019-01-01,Sarawak,P.193 Santubong,N.03 Tanjong Datu,0.374
2022-01-01,Sarawak,P.193 Santubong,N.03 Tanjong Datu,0.335
2024-01-01,Sarawak,P.193 Santubong,N.03 Tanjong Datu,0.345
2019-01-01,Sarawak,P.193 Santubong,N.04 Pantai Damai,0.34
2022-01-01,Sarawak,P.193 Santubong,N.04 Pantai Damai,0.289
2024-01-01,Sarawak,P.193 Santubong,N.04 Pantai Damai,0.301
2019-01-01,Sarawak,P.193 Santubong,N.05 Demak Laut,0.317
2022-01-01,Sarawak,P.193 Santubong,N.05 Demak Laut,0.331
2024-01-01,Sarawak,P.193 Santubong,N.05 Demak Laut,0.351
2019-01-01,Sarawak,P.194 Petra Jaya,N.06 Tupong,0.357
2022-01-01,Sarawak,P.194 Petra Jaya,N.06 Tupong,0.367
2024-01-01,Sarawak,P.194 Petra Jaya,N.06 Tupong,0.345
2019-01-01,Sarawak,P.194 Petra Jaya,N.07 Samariang,0.363
2022-01-01,Sarawak,P.194 Petra Jaya,N.07 Samariang,0.402
2024-01-01,Sarawak,P.194 Petra Jaya,N.07 Samariang,0.368
2019-01-01,Sarawak,P.194 Petra Jaya,N.08 Satok,0.348
2022-01-01,Sarawak,P.194 Petra Jaya,N.08 Satok,0.286
2024-01-01,Sarawak,P.194 Petra Jaya,N.08 Satok,0.27
2019-01-01,Sarawak,P.195 Bandar Kuching,N.09 Padungan,0.371
2022-01-01,Sarawak,P.195 Bandar Kuching,N.09 Padungan,0.41
2024-01-01,Sarawak,P.195 Bandar Kuching,N.09 Padungan,0.413
2019-01-01,Sarawak,P.195 Bandar Kuching,N.10 Pending,0.401
2022-01-01,Sarawak,P.195 Bandar Kuching,N.10 Pending,0.437
2024-01-01,Sarawak,P.195 Bandar Kuching,N.10 Pending,0.39
2019-01-01,Sarawak,P.195 Bandar Kuching,N.11 Batu Lintang,0.418
2022-01-01,Sarawak,P.195 Bandar Kuching,N.11 Batu Lintang,0.415
2024-01-01,Sarawak,P.195 Bandar Kuching,N.11 Batu Lintang,0.358
2019-01-01,Sarawak,P.196 Stampin,N.12 Kota Sentosa,0.354
2022-01-01,Sarawak,P.196 Stampin,N.12 Kota Sentosa,0.373
2024-01-01,Sarawak,P.196 Stampin,N.12 Kota Sentosa,0.356
2019-01-01,Sarawak,P.196 Stampin,N.13 Batu Kitang,0.365
2022-01-01,Sarawak,P.196 Stampin,N.13 Batu Kitang,0.347
2024-01-01,Sarawak,P.196 Stampin,N.13 Batu Kitang,0.3
2019-01-01,Sarawak,P.196 Stampin,N.14 Batu Kawah,0.361
2022-01-01,Sarawak,P.196 Stampin,N.14 Batu Kawah,0.346
2024-01-01,Sarawak,P.196 Stampin,N.14 Batu Kawah,0.319
2019-01-01,Sarawak,P.197 Kota Samarahan,N.15 Asajaya,0.367
2022-01-01,Sarawak,P.197 Kota Samarahan,N.15 Asajaya,0.298
2024-01-01,Sarawak,P.197 Kota Samarahan,N.15 Asajaya,0.319
2019-01-01,Sarawak,P.197 Kota Samarahan,N.16 Muara Tuang,0.354
2022-01-01,Sarawak,P.197 Kota Samarahan,N.16 Muara Tuang,0.358
2024-01-01,Sarawak,P.197 Kota Samarahan,N.16 Muara Tuang,0.332
2019-01-01,Sarawak,P.197 Kota Samarahan,N.17 Stakan,0.321
2022-01-01,Sarawak,P.197 Kota Samarahan,N.17 Stakan,0.31
2024-01-01,Sarawak,P.197 Kota Samarahan,N.17 Stakan,0.311
2019-01-01,Sarawak,P.198 Puncak Borneo,N.18 Serembu,0.363
2022-01-01,Sarawak,P.198 Puncak Borneo,N.18 Serembu,0.411
2024-01-01,Sarawak,P.198 Puncak Borneo,N.18 Serembu,0.337
2019-01-01,Sarawak,P.198 Puncak Borneo,N.19 Mambong,0.319
2022-01-01,Sarawak,P.198 Puncak Borneo,N.19 Mambong,0.344
2024-01-01,Sarawak,P.198 Puncak Borneo,N.19 Mambong,0.338
2019-01-01,Sarawak,P.198 Puncak Borneo,N.20 Tarat,0.364
2022-01-01,Sarawak,P.198 Puncak Borneo,N.20 Tarat,0.341
2024-01-01,Sarawak,P.198 Puncak Borneo,N.20 Tarat,0.35
2019-01-01,Sarawak,P.199 Serian,N.21 Tebedu,0.414
2022-01-01,Sarawak,P.199 Serian,N.21 Tebedu,0.397
2024-01-01,Sarawak,P.199 Serian,N.21 Tebedu,0.328
2019-01-01,Sarawak,P.199 Serian,N.22 Kedup,0.274
2022-01-01,Sarawak,P.199 Serian,N.22 Kedup,0.272
2024-01-01,Sarawak,P.199 Serian,N.22 Kedup,0.223
2019-01-01,Sarawak,P.199 Serian,N.23 Bukit Semuja,0.355
2022-01-01,Sarawak,P.199 Serian,N.23 Bukit Semuja,0.36
2024-01-01,Sarawak,P.199 Serian,N.23 Bukit Semuja,0.323
2019-01-01,Sarawak,P.200 Batang Sadong,N.24 Sadong Jaya,0.4
2022-01-01,Sarawak,P.200 Batang Sadong,N.24 Sadong Jaya,0.299
2024-01-01,Sarawak,P.200 Batang Sadong,N.24 Sadong Jaya,0.33
2019-01-01,Sarawak,P.200 Batang Sadong,N.25 Simunjan,0.366
2022-01-01,Sarawak,P.200 Batang Sadong,N.25 Simunjan,0.273
2024-01-01,Sarawak,P.200 Batang Sadong,N.25 Simunjan,0.322
2019-01-01,Sarawak,P.200 Batang Sadong,N.26 Gedong,0.351
2022-01-01,Sarawak,P.200 Batang Sadong,N.26 Gedong,0.34
2024-01-01,Sarawak,P.200 Batang Sadong,N.26 Gedong,0.382
2019-01-01,Sarawak,P.201 Batang Lupar,N.27 Sebuyau,0.39
2022-01-01,Sarawak,P.201 Batang Lupar,N.27 Sebuyau,0.302
2024-01-01,Sarawak,P.201 Batang Lupar,N.27 Sebuyau,0.281
2019-01-01,Sarawak,P.201 Batang Lupar,N.28 Lingga,0.28
2022-01-01,Sarawak,P.201 Batang Lupar,N.28 Lingga,0.326
2024-01-01,Sarawak,P.201 Batang Lupar,N.28 Lingga,0.24
2019-01-01,Sarawak,P.201 Batang Lupar,N.29 Beting Maro,0.264
2022-01-01,Sarawak,P.201 Batang Lupar,N.29 Beting Maro,0.217
2024-01-01,Sarawak,P.201 Batang Lupar,N.29 Beting Maro,0.311
2019-01-01,Sarawak,P.202 Sri Aman,N.30 Balai Ringin,0.355
2022-01-01,Sarawak,P.202 Sri Aman,N.30 Balai Ringin,0.309
2024-01-01,Sarawak,P.202 Sri Aman,N.30 Balai Ringin,0.279
2019-01-01,Sarawak,P.202 Sri Aman,N.31 Bukit Begunan,0.313
2022-01-01,Sarawak,P.202 Sri Aman,N.31 Bukit Begunan,0.298
2024-01-01,Sarawak,P.202 Sri Aman,N.31 Bukit Begunan,0.272
2019-01-01,Sarawak,P.202 Sri Aman,N.32 Simanggang,0.343
2022-01-01,Sarawak,P.202 Sri Aman,N.32 Simanggang,0.404
2024-01-01,Sarawak,P.202 Sri Aman,N.32 Simanggang,0.395
2019-01-01,Sarawak,P.203 Lubok Antu,N.33 Engkilili,0.274
2022-01-01,Sarawak,P.203 Lubok Antu,N.33 Engkilili,0.299
2024-01-01,Sarawak,P.203 Lubok Antu,N.33 Engkilili,0.255
2019-01-01,Sarawak,P.203 Lubok Antu,N.34 Batang Ai,0.396
2022-01-01,Sarawak,P.203 Lubok Antu,N.34 Batang Ai,0.36
2024-01-01,Sarawak,P.203 Lubok Antu,N.34 Batang Ai,0.318
2019-01-01,Sarawak,P.204 Betong,N.35 Saribas,0.307
2022-01-01,Sarawak,P.204 Betong,N.35 Saribas,0.262
2024-01-01,Sarawak,P.204 Betong,N.35 Saribas,0.247
2019-01-01,Sarawak,P.204 Betong,N.36 Layar,0.353
2022-01-01,Sarawak,P.204 Betong,N.36 Layar,0.31
2024-01-01,Sarawak,P.204 Betong,N.36 Layar,0.288
2019-01-01,Sarawak,P.204 Betong,N.37 Bukit Saban,0.408
2022-01-01,Sarawak,P.204 Betong,N.37 Bukit Saban,0.302
2024-01-01,Sarawak,P.204 Betong,N.37 Bukit Saban,0.237
2019-01-01,Sarawak,P.205 Saratok,N.38 Kalaka,0.345
2022-01-01,Sarawak,P.205 Saratok,N.38 Kalaka,0.325
2024-01-01,Sarawak,P.205 Saratok,N.38 Kalaka,0.302
2019-01-01,Sarawak,P.205 Saratok,N.39 Krian,0.352
2022-01-01,Sarawak,P.205 Saratok,N.39 Krian,0.224
2024-01-01,Sarawak,P.205 Saratok,N.39 Krian,0.373
2019-01-01,Sarawak,P.205 Saratok,N.40 Kabong,0.297
2022-01-01,Sarawak,P.205 Saratok,N.40 Kabong,0.352
2024-01-01,Sarawak,P.205 Saratok,N.40 Kabong,0.282
2019-01-01,Sarawak,P.206 Tanjong Manis,N.41 Kuala Rajang,0.352
2022-01-01,Sarawak,P.206 Tanjong Manis,N.41 Kuala Rajang,0.388
2024-01-01,Sarawak,P.206 Tanjong Manis,N.41 Kuala Rajang,0.319
2019-01-01,Sarawak,P.206 Tanjong Manis,N.42 Semop,0.32
2022-01-01,Sarawak,P.206 Tanjong Manis,N.42 Semop,0.345
2024-01-01,Sarawak,P.206 Tanjong Manis,N.42 Semop,0.304
2019-01-01,Sarawak,P.207 Igan,N.43 Daro,0.344
2022-01-01,Sarawak,P.207 Igan,N.43 Daro,0.383
2024-01-01,Sarawak,P.207 Igan,N.43 Daro,0.353
2019-01-01,Sarawak,P.207 Igan,N.44 Jemoreng,0.391
2022-01-01,Sarawak,P.207 Igan,N.44 Jemoreng,0.383
2024-01-01,Sarawak,P.207 Igan,N.44 Jemoreng,0.303
2019-01-01,Sarawak,P.208 Sarikei,N.45 Repok,0.372
2022-01-01,Sarawak,P.208 Sarikei,N.45 Repok,0.449
2024-01-01,Sarawak,P.208 Sarikei,N.45 Repok,0.364
2019-01-01,Sarawak,P.208 Sarikei,N.46 Meradong,0.382
2022-01-01,Sarawak,P.208 Sarikei,N.46 Meradong,0.374
2024-01-01,Sarawak,P.208 Sarikei,N.46 Meradong,0.301
2019-01-01,Sarawak,P.209 Julau,N.47 Pakan,0.301
2022-01-01,Sarawak,P.209 Julau,N.47 Pakan,0.316
2024-01-01,Sarawak,P.209 Julau,N.47 Pakan,0.302
2019-01-01,Sarawak,P.209 Julau,N.48 Meluan,0.412
2022-01-01,Sarawak,P.209 Julau,N.48 Meluan,0.376
2024-01-01,Sarawak,P.209 Julau,N.48 Meluan,0.36
2019-01-01,Sarawak,P.210 Kanowit,N.49 Ngemah,0.31
2022-01-01,Sarawak,P.210 Kanowit,N.49 Ngemah,0.378
2024-01-01,Sarawak,P.210 Kanowit,N.49 Ngemah,0.157
2019-01-01,Sarawak,P.210 Kanowit,N.50 Machan,0.38
2022-01-01,Sarawak,P.210 Kanowit,N.50 Machan,0.39
2024-01-01,Sarawak,P.210 Kanowit,N.50 Machan,0.345
2019-01-01,Sarawak,P.211 Lanang,N.51 Bukit Assek,0.382
2022-01-01,Sarawak,P.211 Lanang,N.51 Bukit Assek,0.386
2024-01-01,Sarawak,P.211 Lanang,N.51 Bukit Assek,0.286
2019-01-01,Sarawak,P.211 Lanang,N.52 Dudong,0.33
2022-01-01,Sarawak,P.211 Lanang,N.52 Dudong,0.367
2024-01-01,Sarawak,P.211 Lanang,N.52 Dudong,0.344
2019-01-01,Sarawak,P.212 Sibu,N.53 Bawang Assan,0.298
2022-01-01,Sarawak,P.212 Sibu,N.53 Bawang Assan,0.341
2024-01-01,Sarawak,P.212 Sibu,N.53 Bawang Assan,0.294
2019-01-01,Sarawak,P.212 Sibu,N.54 Pelawan,0.371
2022-01-01,Sarawak,P.212 Sibu,N.54 Pelawan,0.358
2024-01-01,Sarawak,P.212 Sibu,N.54 Pelawan,0.297
2019-01-01,Sarawak,P.212 Sibu,N.55 Nangka,0.336
2022-01-01,Sarawak,P.212 Sibu,N.55 Nangka,0.348
2024-01-01,Sarawak,P.212 Sibu,N.55 Nangka,0.285
2019-01-01,Sarawak,P.213 Mukah,N.56 Dalat,0.359
2022-01-01,Sarawak,P.213 Mukah,N.56 Dalat,0.333
2024-01-01,Sarawak,P.213 Mukah,N.56 Dalat,0.361
2019-01-01,Sarawak,P.213 Mukah,N.57 Tellian,0.388
2022-01-01,Sarawak,P.213 Mukah,N.57 Tellian,0.378
2024-01-01,Sarawak,P.213 Mukah,N.57 Tellian,0.313
2019-01-01,Sarawak,P.213 Mukah,N.58 Balingian,0.331
2022-01-01,Sarawak,P.213 Mukah,N.58 Balingian,0.374
2024-01-01,Sarawak,P.213 Mukah,N.58 Balingian,0.349
2019-01-01,Sarawak,P.214 Selangau,N.59 Tamin,0.357
2022-01-01,Sarawak,P.214 Selangau,N.59 Tamin,0.381
2024-01-01,Sarawak,P.214 Selangau,N.59 Tamin,0.288
2019-01-01,Sarawak,P.214 Selangau,N.60 Kakus,0.322
2022-01-01,Sarawak,P.214 Selangau,N.60 Kakus,0.341
2024-01-01,Sarawak,P.214 Selangau,N.60 Kakus,0.302
2019-01-01,Sarawak,P.215 Kapit,N.61 Pelagus,0.32
2022-01-01,Sarawak,P.215 Kapit,N.61 Pelagus,0.35
2024-01-01,Sarawak,P.215 Kapit,N.61 Pelagus,0.295
2019-01-01,Sarawak,P.215 Kapit,N.62 Katibas,0.353
2022-01-01,Sarawak,P.215 Kapit,N.62 Katibas,0.322
2024-01-01,Sarawak,P.215 Kapit,N.62 Katibas,0.332
2019-01-01,Sarawak,P.215 Kapit,N.63 Bukit Goram,0.362
2022-01-01,Sarawak,P.215 Kapit,N.63 Bukit Goram,0.363
2024-01-01,Sarawak,P.215 Kapit,N.63 Bukit Goram,0.37
2019-01-01,Sarawak,P.216 Hulu Rajang,N.64 Baleh,0.34
2022-01-01,Sarawak,P.216 Hulu Rajang,N.64 Baleh,0.29
2024-01-01,Sarawak,P.216 Hulu Rajang,N.64 Baleh,0.345
2019-01-01,Sarawak,P.216 Hulu Rajang,N.65 Belaga,0.326
2022-01-01,Sarawak,P.216 Hulu Rajang,N.65 Belaga,0.369
2024-01-01,Sarawak,P.216 Hulu Rajang,N.65 Belaga,0.337
2019-01-01,Sarawak,P.216 Hulu Rajang,N.66 Murum,0.288
2022-01-01,Sarawak,P.216 Hulu Rajang,N.66 Murum,0.281
2024-01-01,Sarawak,P.216 Hulu Rajang,N.66 Murum,0.263
2019-01-01,Sarawak,P.217 Bintulu,N.67 Jepak,0.293
2022-01-01,Sarawak,P.217 Bintulu,N.67 Jepak,0.289
2024-01-01,Sarawak,P.217 Bintulu,N.67 Jepak,0.382
2019-01-01,Sarawak,P.217 Bintulu,N.68 Tanjong Batu,0.278
2022-01-01,Sarawak,P.217 Bintulu,N.68 Tanjong Batu,0.283
2024-01-01,Sarawak,P.217 Bintulu,N.68 Tanjong Batu,0.303
2019-01-01,Sarawak,P.217 Bintulu,N.69 Kemena,0.326
2022-01-01,Sarawak,P.217 Bintulu,N.69 Kemena,0.336
2024-01-01,Sarawak,P.217 Bintulu,N.69 Kemena,0.309
2019-01-01,Sarawak,P.217 Bintulu,N.70 Samalaju,0.332
2022-01-01,Sarawak,P.217 Bintulu,N.70 Samalaju,0.314
2024-01-01,Sarawak,P.217 Bintulu,N.70 Samalaju,0.401
2019-01-01,Sarawak,P.218 Sibuti,N.71 Bekenu,0.3
2022-01-01,Sarawak,P.218 Sibuti,N.71 Bekenu,0.353
2024-01-01,Sarawak,P.218 Sibuti,N.71 Bekenu,0.272
2019-01-01,Sarawak,P.218 Sibuti,N.72 Lambir,0.344
2022-01-01,Sarawak,P.218 Sibuti,N.72 Lambir,0.338
2024-01-01,Sarawak,P.218 Sibuti,N.72 Lambir,0.289
2019-01-01,Sarawak,P.219 Miri,N.73 Piasau,0.365
2022-01-01,Sarawak,P.219 Miri,N.73 Piasau,0.33
2024-01-01,Sarawak,P.219 Miri,N.73 Piasau,0.307
2019-01-01,Sarawak,P.219 Miri,N.74 Pujut,0.366
2022-01-01,Sarawak,P.219 Miri,N.74 Pujut,0.365
2024-01-01,Sarawak,P.219 Miri,N.74 Pujut,0.348
2019-01-01,Sarawak,P.219 Miri,N.75 Senadin,0.345
2022-01-01,Sarawak,P.219 Miri,N.75 Senadin,0.336
2024-01-01,Sarawak,P.219 Miri,N.75 Senadin,0.282
2019-01-01,Sarawak,P.220 Baram,N.76 Marudi,0.361
2022-01-01,Sarawak,P.220 Baram,N.76 Marudi,0.329
2024-01-01,Sarawak,P.220 Baram,N.76 Marudi,0.252
2019-01-01,Sarawak,P.220 Baram,N.77 Telang Usan,0.369
2022-01-01,Sarawak,P.220 Baram,N.77 Telang Usan,0.312
2024-01-01,Sarawak,P.220 Baram,N.77 Telang Usan,0.229
2019-01-01,Sarawak,P.220 Baram,N.78 Mulu,0.374
2022-01-01,Sarawak,P.220 Baram,N.78 Mulu,0.346
2024-01-01,Sarawak,P.220 Baram,N.78 Mulu,0.323
2019-01-01,Sarawak,P.221 Limbang,N.79 Bukit Kota,0.374
2022-01-01,Sarawak,P.221 Limbang,N.79 Bukit Kota,0.343
2024-01-01,Sarawak,P.221 Limbang,N.79 Bukit Kota,0.389
2019-01-01,Sarawak,P.221 Limbang,N.80 Batu Danau,0.41
2022-01-01,Sarawak,P.221 Limbang,N.80 Batu Danau,0.28
2024-01-01,Sarawak,P.221 Limbang,N.80 Batu Danau,0.356
2019-01-01,Sarawak,P.222 Lawas,N.81 Ba'kelalan,0.343
2022-01-01,Sarawak,P.222 Lawas,N.81 Ba'kelalan,0.284
2024-01-01,Sarawak,P.222 Lawas,N.81 Ba'kelalan,0.317
2019-01-01,Sarawak,P.222 Lawas,N.82 Bukit Sari,0.372
2022-01-01,Sarawak,P.222 Lawas,N.82 Bukit Sari,0.416
2024-01-01,Sarawak,P.222 Lawas,N.82 Bukit Sari,0.341
